CustomerID,Age,Gender,Tenure,MonthlyCharges,ContractType,InternetService,TotalCharges,TechSupport,Churn,Churn_Probability,Churn_Prediction,Risk_Factor,Top_Retention_Strategy
1,49,1,4,88.35,0,1,353.4,1,1,1.0,Yes,High Risk,Instant Discount / Cashback
2,43,1,0,36.67,0,1,0.0,1,1,1.0,Yes,High Risk,Instant Discount / Cashback
3,51,0,2,63.79,0,1,127.58,0,1,1.0,Yes,High Risk,Instant Discount / Cashback
4,60,0,8,102.34,1,0,818.72,1,1,1.0,Yes,High Risk,Instant Discount / Cashback
5,42,1,32,69.01,0,2,2208.32,0,1,1.0,Yes,High Risk,Instant Discount / Cashback
6,42,0,16,119.75,2,0,1916.0,1,1,0.97,Yes,High Risk,Instant Discount / Cashback
7,60,1,14,80.32,1,2,1124.48,0,1,1.0,Yes,High Risk,Instant Discount / Cashback
8,52,0,6,58.9,1,2,353.4,0,1,1.0,Yes,High Risk,Instant Discount / Cashback
9,40,0,53,49.81,2,1,2639.93,1,0,0.03,No,Low Risk,Priority Customer Support
10,50,0,10,61.55,0,1,615.5,1,1,1.0,Yes,High Risk,Instant Discount / Cashback
11,40,0,1,63.53,0,1,63.53,1,1,1.0,Yes,High Risk,Instant Discount / Cashback
12,40,0,19,36.18,1,1,687.42,1,0,0.06,No,Low Risk,Priority Customer Support
13,47,1,2,63.26,2,2,126.52,0,1,1.0,Yes,High Risk,Instant Discount / Cashback
14,25,0,8,71.78,1,2,574.24,0,1,1.0,Yes,High Risk,Instant Discount / Cashback
15,27,1,14,95.05,0,1,1330.7,1,1,0.96,Yes,High Risk,Instant Discount / Cashback
16,39,0,41,89.11,2,1,3653.51,1,0,0.07,No,Low Risk,Priority Customer Support
17,34,0,13,93.79,0,2,1219.27,0,1,0.99,Yes,High Risk,Instant Discount / Cashback
18,48,0,24,30.75,2,2,738.0,0,1,0.99,Yes,High Risk,Instant Discount / Cashback
19,35,1,98,49.59,2,1,4859.82,1,0,0.05,No,Low Risk,Priority Customer Support
20,30,0,2,89.55,0,1,179.1,0,1,1.0,Yes,High Risk,Instant Discount / Cashback
21,59,0,6,73.56,1,0,441.36,0,1,0.99,Yes,High Risk,Instant Discount / Cashback
22,42,0,10,30.48,0,2,304.8,0,1,1.0,Yes,High Risk,Instant Discount / Cashback
23,45,1,10,102.4,0,0,1024.0,1,1,1.0,Yes,High Risk,Instant Discount / Cashback
24,30,1,10,99.55,1,1,995.5,1,1,0.9,Yes,Medium Risk,Free Data / Validity Extension
25,39,1,47,79.36,1,0,3729.92,1,0,0.06,No,Low Risk,Priority Customer Support
26,46,1,25,35.98,2,0,899.5,1,0,0.08,No,Medium Risk,Free Data / Validity Extension
27,33,0,18,98.99,1,1,1781.82,1,0,0.14,No,Medium Risk,Free Data / Validity Extension
28,48,1,7,82.53,0,2,577.71,0,1,1.0,Yes,High Risk,Instant Discount / Cashback
29,38,0,34,100.38,2,0,3412.92,1,1,0.91,Yes,Medium Risk,Free Data / Validity Extension
30,42,1,62,97.66,2,1,6054.92,1,0,0.36,No,Medium Risk,Free Data / Validity Extension
31,38,1,34,102.27,0,0,3477.18,0,1,0.99,Yes,High Risk,Instant Discount / Cashback
32,63,0,0,76.62,2,0,0.0,1,1,0.98,Yes,High Risk,Instant Discount / Cashback
33,44,0,20,42.63,0,1,852.6,1,1,0.99,Yes,High Risk,Instant Discount / Cashback
34,34,0,1,90.4,2,1,90.4,1,1,0.99,Yes,High Risk,Instant Discount / Cashback
35,53,0,5,85.84,0,0,429.2,1,1,1.0,Yes,High Risk,Instant Discount / Cashback
36,32,0,1,96.8,0,1,96.8,0,1,1.0,Yes,High Risk,Instant Discount / Cashback
37,47,1,18,45.29,0,0,815.22,1,1,0.99,Yes,High Risk,Instant Discount / Cashback
38,25,0,23,47.55,1,1,1093.65,1,0,0.04,No,Low Risk,Priority Customer Support
39,31,0,2,110.14,0,2,220.28,0,1,1.0,Yes,High Risk,Instant Discount / Cashback
40,46,0,9,97.5,0,2,877.5,0,1,1.0,Yes,High Risk,Instant Discount / Cashback
41,52,1,12,111.74,1,1,1340.88,1,1,0.94,Yes,Medium Risk,Free Data / Validity Extension
42,46,0,9,98.28,2,1,884.52,1,1,0.99,Yes,High Risk,Instant Discount / Cashback
43,43,1,2,83.74,0,2,167.48,0,1,1.0,Yes,High Risk,Instant Discount / Cashback
44,41,1,10,88.87,0,0,888.7,1,1,1.0,Yes,High Risk,Instant Discount / Cashback
45,30,1,27,110.02,0,2,2970.54,0,1,0.99,Yes,High Risk,Instant Discount / Cashback
46,37,1,1,82.09,0,2,82.09,0,1,1.0,Yes,High Risk,Instant Discount / Cashback
47,40,0,1,86.92,2,0,86.92,1,1,1.0,Yes,High Risk,Instant Discount / Cashback
48,55,0,8,44.08,2,0,352.64,0,1,1.0,Yes,High Risk,Instant Discount / Cashback
49,48,0,56,72.65,1,2,4068.4,0,1,0.98,Yes,High Risk,Instant Discount / Cashback
50,27,1,22,94.48,0,1,2078.56,1,1,0.98,Yes,High Risk,Instant Discount / Cashback
51,48,1,22,54.38,1,0,1196.36,1,0,0.01,No,Low Risk,Priority Customer Support
52,41,1,8,48.2,1,0,385.6,0,1,1.0,Yes,High Risk,Instant Discount / Cashback
53,38,0,18,58.24,2,1,1048.32,1,0,0.03,No,Low Risk,Priority Customer Support
54,51,1,0,51.74,1,1,0.0,0,1,1.0,Yes,High Risk,Instant Discount / Cashback
55,55,0,20,49.34,1,2,986.8,0,1,0.99,Yes,High Risk,Instant Discount / Cashback
56,54,0,48,68.24,1,2,3275.52,0,1,1.0,Yes,High Risk,Instant Discount / Cashback
57,36,1,18,111.71,0,0,2010.78,1,1,1.0,Yes,High Risk,Instant Discount / Cashback
58,41,0,41,75.64,2,1,3101.24,1,0,0.01,No,Low Risk,Priority Customer Support
59,48,0,25,46.91,1,1,1172.75,0,1,1.0,Yes,High Risk,Instant Discount / Cashback
60,54,0,2,36.93,1,1,73.86,0,1,1.0,Yes,High Risk,Instant Discount / Cashback
61,40,0,46,92.65,0,0,4261.9,1,1,0.94,Yes,Medium Risk,Free Data / Validity Extension
62,43,1,1,64.45,1,2,64.45,0,1,1.0,Yes,High Risk,Instant Discount / Cashback
63,33,1,15,103.96,1,2,1559.4,0,1,1.0,Yes,High Risk,Instant Discount / Cashback
64,33,0,3,89.36,0,1,268.08,1,1,1.0,Yes,High Risk,Instant Discount / Cashback
65,53,0,0,101.66,0,1,0.0,1,1,1.0,Yes,High Risk,Instant Discount / Cashback
66,58,1,10,54.48,1,0,544.8,1,1,0.99,Yes,High Risk,Instant Discount / Cashback
67,44,0,6,92.31,1,1,553.86,1,1,0.98,Yes,High Risk,Instant Discount / Cashback
68,55,0,13,53.77,1,1,699.01,1,0,0.19,No,Medium Risk,Free Data / Validity Extension
69,48,0,17,114.52,0,1,1946.84,1,1,1.0,Yes,High Risk,Instant Discount / Cashback
70,38,1,0,87.27,1,2,0.0,0,1,1.0,Yes,High Risk,Instant Discount / Cashback
71,48,0,2,59.21,0,1,118.42,1,1,1.0,Yes,High Risk,Instant Discount / Cashback
72,60,0,16,54.26,0,1,868.16,1,1,1.0,Yes,High Risk,Instant Discount / Cashback
73,44,1,8,47.18,0,2,377.44,0,1,1.0,Yes,High Risk,Instant Discount / Cashback
74,60,1,26,92.52,0,0,2405.52,0,1,1.0,Yes,High Risk,Instant Discount / Cashback
75,18,0,21,49.68,0,1,1043.28,1,1,0.98,Yes,High Risk,Instant Discount / Cashback
76,53,1,37,83.58,0,1,3092.46,1,1,1.0,Yes,High Risk,Instant Discount / Cashback
77,45,0,23,53.82,0,1,1237.86,0,1,1.0,Yes,High Risk,Instant Discount / Cashback
78,42,0,11,89.58,0,2,985.38,0,1,1.0,Yes,High Risk,Instant Discount / Cashback
79,45,1,22,103.34,1,1,2273.48,1,1,0.99,Yes,High Risk,Instant Discount / Cashback
80,25,0,6,100.02,0,2,600.12,0,1,1.0,Yes,High Risk,Instant Discount / Cashback
81,42,1,7,98.48,0,1,689.36,0,1,1.0,Yes,High Risk,Instant Discount / Cashback
82,48,0,31,46.9,2,1,1453.9,0,1,0.99,Yes,High Risk,Instant Discount / Cashback
83,59,1,11,37.95,0,2,417.45,0,1,1.0,Yes,High Risk,Instant Discount / Cashback
84,39,0,32,92.91,1,0,2973.12,0,1,0.99,Yes,High Risk,Instant Discount / Cashback
85,36,1,34,63.15,0,0,2147.1,1,1,0.99,Yes,High Risk,Instant Discount / Cashback
86,39,1,38,68.91,0,1,2618.58,1,1,1.0,Yes,High Risk,Instant Discount / Cashback
87,54,0,49,32.8,1,0,1607.2,1,0,0.06,No,Low Risk,Priority Customer Support
88,48,1,11,53.36,1,0,586.96,1,1,0.99,Yes,High Risk,Instant Discount / Cashback
89,39,0,7,33.03,2,1,231.21,1,1,0.95,Yes,High Risk,Instant Discount / Cashback
90,50,1,17,109.13,1,1,1855.21,1,1,0.99,Yes,High Risk,Instant Discount / Cashback
91,45,0,9,51.91,2,1,467.19,1,1,1.0,Yes,High Risk,Instant Discount / Cashback
92,54,1,18,80.16,0,2,1442.88,0,1,1.0,Yes,High Risk,Instant Discount / Cashback
93,37,0,24,33.51,0,1,804.24,1,1,0.98,Yes,High Risk,Instant Discount / Cashback
94,41,1,23,90.02,0,2,2070.46,0,1,1.0,Yes,High Risk,Instant Discount / Cashback
95,41,1,9,59.07,0,0,531.63,1,1,1.0,Yes,High Risk,Instant Discount / Cashback
96,30,1,3,110.81,1,1,332.43,1,1,0.99,Yes,High Risk,Instant Discount / Cashback
97,47,1,11,109.93,1,2,1209.23,0,1,1.0,Yes,High Risk,Instant Discount / Cashback
98,47,0,3,59.28,0,1,177.84,1,1,1.0,Yes,High Risk,Instant Discount / Cashback
99,45,1,44,111.09,2,2,4887.96,0,1,1.0,Yes,High Risk,Instant Discount / Cashback
100,42,0,8,119.65,2,1,957.2,1,1,1.0,Yes,High Risk,Instant Discount / Cashback
101,30,1,3,104.29,0,0,312.87,1,1,1.0,Yes,High Risk,Instant Discount / Cashback
102,40,1,0,106.04,0,1,0.0,1,1,1.0,Yes,High Risk,Instant Discount / Cashback
103,41,0,20,52.41,0,1,1048.2,1,1,1.0,Yes,High Risk,Instant Discount / Cashback
104,36,0,20,81.9,0,2,1638.0,0,1,1.0,Yes,High Risk,Instant Discount / Cashback
105,43,1,8,36.05,0,0,288.4,1,1,1.0,Yes,High Risk,Instant Discount / Cashback
106,49,1,1,38.54,1,2,38.54,0,1,1.0,Yes,High Risk,Instant Discount / Cashback
107,63,1,10,119.9,0,2,1199.0,0,1,1.0,Yes,High Risk,Instant Discount / Cashback
108,46,0,7,59.4,0,0,415.8,0,1,1.0,Yes,High Risk,Instant Discount / Cashback
109,47,0,22,97.34,2,1,2141.48,1,0,0.14,No,Medium Risk,Free Data / Validity Extension
110,44,1,18,102.6,1,2,1846.8,0,1,1.0,Yes,High Risk,Instant Discount / Cashback
111,25,0,9,107.22,2,2,964.98,0,1,1.0,Yes,High Risk,Instant Discount / Cashback
112,44,0,4,119.79,0,1,479.16,1,1,1.0,Yes,High Risk,Instant Discount / Cashback
113,45,0,88,51.73,0,1,4552.24,1,1,0.99,Yes,High Risk,Instant Discount / Cashback
114,69,0,12,33.63,1,1,403.56,0,1,0.98,Yes,High Risk,Instant Discount / Cashback
115,43,1,23,67.01,0,1,1541.23,1,1,1.0,Yes,High Risk,Instant Discount / Cashback
116,48,1,3,41.71,0,0,125.13,1,1,1.0,Yes,High Risk,Instant Discount / Cashback
117,44,1,13,32.02,1,2,416.26,0,1,0.99,Yes,High Risk,Instant Discount / Cashback
118,33,1,0,62.44,1,0,0.0,1,1,1.0,Yes,High Risk,Instant Discount / Cashback
119,56,0,14,100.54,0,0,1407.56,1,1,0.99,Yes,High Risk,Instant Discount / Cashback
120,52,0,66,80.96,0,1,5343.36,1,1,1.0,Yes,High Risk,Instant Discount / Cashback
121,52,1,9,58.15,0,1,523.35,1,1,1.0,Yes,High Risk,Instant Discount / Cashback
122,35,1,0,88.89,0,1,0.0,0,1,1.0,Yes,High Risk,Instant Discount / Cashback
123,59,1,0,50.88,0,1,0.0,0,1,1.0,Yes,High Risk,Instant Discount / Cashback
124,30,0,9,31.29,0,1,281.61,1,1,1.0,Yes,High Risk,Instant Discount / Cashback
125,50,1,3,98.79,0,0,296.37,0,1,1.0,Yes,High Risk,Instant Discount / Cashback
126,66,0,0,86.14,2,1,0.0,1,1,1.0,Yes,High Risk,Instant Discount / Cashback
127,35,1,28,98.61,1,2,2761.08,0,1,1.0,Yes,High Risk,Instant Discount / Cashback
128,39,1,12,33.5,1,1,402.0,1,0,0.26,No,Medium Risk,Free Data / Validity Extension
129,45,0,6,105.34,0,1,632.04,1,1,1.0,Yes,High Risk,Instant Discount / Cashback
130,39,0,46,85.76,0,1,3944.96,1,1,1.0,Yes,High Risk,Instant Discount / Cashback
131,29,1,2,80.71,0,2,161.42,0,1,1.0,Yes,High Risk,Instant Discount / Cashback
132,45,0,62,86.22,0,0,5345.64,0,1,1.0,Yes,High Risk,Instant Discount / Cashback
133,34,0,7,107.8,0,1,754.6,1,1,1.0,Yes,High Risk,Instant Discount / Cashback
134,49,0,43,82.82,1,2,3561.26,0,1,1.0,Yes,High Risk,Instant Discount / Cashback
135,35,1,18,82.29,1,1,1481.22,0,1,1.0,Yes,High Risk,Instant Discount / Cashback
136,60,0,35,119.16,1,0,4170.6,0,1,1.0,Yes,High Risk,Instant Discount / Cashback
137,37,0,82,98.11,0,1,8045.02,0,1,1.0,Yes,High Risk,Instant Discount / Cashback
138,41,0,6,69.81,2,0,418.86,1,1,1.0,Yes,High Risk,Instant Discount / Cashback
139,53,1,64,93.67,0,1,5994.88,0,1,1.0,Yes,High Risk,Instant Discount / Cashback
140,32,1,9,65.03,0,2,585.27,0,1,1.0,Yes,High Risk,Instant Discount / Cashback
141,47,1,9,50.6,0,0,455.4,1,1,1.0,Yes,High Risk,Instant Discount / Cashback
142,58,0,8,83.72,1,2,669.76,0,1,1.0,Yes,High Risk,Instant Discount / Cashback
143,28,1,15,113.54,2,0,1703.1,1,1,0.98,Yes,High Risk,Instant Discount / Cashback
144,46,0,3,113.62,0,2,340.86,0,1,1.0,Yes,High Risk,Instant Discount / Cashback
145,47,0,16,60.77,2,1,972.32,1,0,0.02,No,Low Risk,Priority Customer Support
146,52,1,15,77.49,2,0,1162.35,1,0,0.05,No,Low Risk,Priority Customer Support
147,32,0,28,49.05,0,0,1373.4,0,1,1.0,Yes,High Risk,Instant Discount / Cashback
148,31,1,35,119.61,0,2,4186.35,0,1,1.0,Yes,High Risk,Instant Discount / Cashback
149,50,0,11,118.3,0,0,1301.3,1,1,1.0,Yes,High Risk,Instant Discount / Cashback
150,47,1,7,88.46,2,0,619.22,1,1,1.0,Yes,High Risk,Instant Discount / Cashback
151,47,0,6,102.4,0,1,614.4,0,1,1.0,Yes,High Risk,Instant Discount / Cashback
152,48,0,4,94.36,1,1,377.44,1,1,0.99,Yes,High Risk,Instant Discount / Cashback
153,38,0,1,83.38,0,1,83.38,1,1,1.0,Yes,High Risk,Instant Discount / Cashback
154,47,0,8,34.8,1,0,278.4,1,1,1.0,Yes,High Risk,Instant Discount / Cashback
155,47,0,6,70.93,0,0,425.58,0,1,1.0,Yes,High Risk,Instant Discount / Cashback
156,37,0,67,90.73,1,0,6078.91,0,1,0.99,Yes,High Risk,Instant Discount / Cashback
157,63,0,16,90.98,2,0,1455.68,1,0,0.03,No,Low Risk,Priority Customer Support
158,49,0,8,63.58,2,1,508.64,1,1,0.99,Yes,High Risk,Instant Discount / Cashback
159,33,1,17,114.75,2,2,1950.75,0,1,1.0,Yes,High Risk,Instant Discount / Cashback
160,51,0,2,45.06,0,0,90.12,1,1,1.0,Yes,High Risk,Instant Discount / Cashback
161,35,0,11,75.03,1,1,825.33,1,1,0.95,Yes,High Risk,Instant Discount / Cashback
162,52,0,19,92.18,0,1,1751.42,1,1,0.98,Yes,High Risk,Instant Discount / Cashback
163,56,1,13,92.74,0,2,1205.62,0,1,1.0,Yes,High Risk,Instant Discount / Cashback
164,36,0,10,88.38,1,2,883.8,0,1,1.0,Yes,High Risk,Instant Discount / Cashback
165,54,1,101,54.78,0,2,5532.78,0,1,1.0,Yes,High Risk,Instant Discount / Cashback
166,49,0,42,44.06,1,0,1850.52,1,0,0.03,No,Low Risk,Priority Customer Support
167,53,1,19,87.23,2,0,1657.37,0,1,0.99,Yes,High Risk,Instant Discount / Cashback
168,63,0,16,83.94,0,1,1343.04,1,1,0.99,Yes,High Risk,Instant Discount / Cashback
169,42,0,19,46.14,1,0,876.66,0,1,0.96,Yes,High Risk,Instant Discount / Cashback
170,37,1,4,93.46,0,1,373.84,1,1,1.0,Yes,High Risk,Instant Discount / Cashback
171,36,0,10,70.97,0,2,709.7,0,1,1.0,Yes,High Risk,Instant Discount / Cashback
172,36,1,0,90.1,0,2,0.0,0,1,1.0,Yes,High Risk,Instant Discount / Cashback
173,44,0,12,105.36,2,2,1264.32,0,1,0.99,Yes,High Risk,Instant Discount / Cashback
174,48,0,15,45.28,2,1,679.2,0,1,0.96,Yes,High Risk,Instant Discount / Cashback
175,47,0,5,31.72,2,1,158.6,1,1,0.97,Yes,High Risk,Instant Discount / Cashback
176,53,0,66,100.12,2,1,6607.92,0,1,0.99,Yes,High Risk,Instant Discount / Cashback
177,45,0,48,84.87,0,0,4073.76,1,1,1.0,Yes,High Risk,Instant Discount / Cashback
178,59,1,25,92.97,0,2,2324.25,0,1,1.0,Yes,High Risk,Instant Discount / Cashback
179,42,1,15,105.43,1,0,1581.45,0,1,1.0,Yes,High Risk,Instant Discount / Cashback
180,72,0,40,102.25,0,1,4090.0,0,1,1.0,Yes,High Risk,Instant Discount / Cashback
181,51,0,2,116.48,0,1,232.96,1,1,1.0,Yes,High Risk,Instant Discount / Cashback
182,36,0,31,78.23,0,1,2425.13,1,1,1.0,Yes,High Risk,Instant Discount / Cashback
183,34,0,2,73.96,1,2,147.92,0,1,1.0,Yes,High Risk,Instant Discount / Cashback
184,49,1,31,66.17,1,1,2051.27,1,0,0.0,No,Low Risk,Priority Customer Support
185,42,0,6,43.83,0,2,262.98,0,1,1.0,Yes,High Risk,Instant Discount / Cashback
186,52,1,41,81.53,0,0,3342.73,1,1,1.0,Yes,High Risk,Instant Discount / Cashback
187,49,0,57,54.93,1,1,3131.01,1,0,0.0,No,Low Risk,Priority Customer Support
188,44,1,3,112.92,1,2,338.76,0,1,1.0,Yes,High Risk,Instant Discount / Cashback
189,36,1,12,82.49,0,1,989.88,1,1,0.98,Yes,High Risk,Instant Discount / Cashback
190,29,1,79,83.36,1,2,6585.44,0,1,0.98,Yes,High Risk,Instant Discount / Cashback
191,40,1,13,61.94,0,0,805.22,0,1,1.0,Yes,High Risk,Instant Discount / Cashback
192,53,0,39,34.68,0,1,1352.52,1,1,1.0,Yes,High Risk,Instant Discount / Cashback
193,47,1,17,32.86,1,1,558.62,1,0,0.1,No,Medium Risk,Free Data / Validity Extension
194,32,1,9,68.1,1,2,612.9,0,1,1.0,Yes,High Risk,Instant Discount / Cashback
195,46,1,6,37.61,0,0,225.66,1,1,1.0,Yes,High Risk,Instant Discount / Cashback
196,48,1,4,84.62,1,2,338.48,0,1,1.0,Yes,High Risk,Instant Discount / Cashback
197,36,1,28,109.29,1,1,3060.12,1,1,0.99,Yes,High Risk,Instant Discount / Cashback
198,46,1,9,109.46,1,0,985.14,1,1,1.0,Yes,High Risk,Instant Discount / Cashback
199,45,0,14,89.31,1,1,1250.34,0,1,0.98,Yes,High Risk,Instant Discount / Cashback
200,33,0,13,49.01,1,1,637.13,1,0,0.14,No,Medium Risk,Free Data / Validity Extension
201,48,0,17,107.67,0,1,1830.39,1,1,1.0,Yes,High Risk,Instant Discount / Cashback
202,50,1,40,109.75,0,2,4390.0,0,1,1.0,Yes,High Risk,Instant Discount / Cashback
203,55,1,78,47.7,0,1,3720.6,1,1,0.98,Yes,High Risk,Instant Discount / Cashback
204,55,0,10,96.37,0,1,963.7,0,1,1.0,Yes,High Risk,Instant Discount / Cashback
205,31,0,35,55.79,1,1,1952.65,1,0,0.0,No,Low Risk,Priority Customer Support
206,35,1,28,102.24,1,0,2862.72,1,1,0.99,Yes,High Risk,Instant Discount / Cashback
207,50,1,17,119.75,0,0,2035.75,1,1,1.0,Yes,High Risk,Instant Discount / Cashback
208,50,1,62,32.7,0,1,2027.4,1,1,0.99,Yes,High Risk,Instant Discount / Cashback
209,50,1,4,110.76,0,1,443.04,1,1,1.0,Yes,High Risk,Instant Discount / Cashback
210,83,1,2,86.04,0,0,172.08,0,1,1.0,Yes,High Risk,Instant Discount / Cashback
211,50,0,38,117.6,1,1,4468.8,0,1,1.0,Yes,High Risk,Instant Discount / Cashback
212,56,0,11,71.85,0,1,790.35,0,1,1.0,Yes,High Risk,Instant Discount / Cashback
213,54,0,37,106.26,1,0,3931.62,0,1,1.0,Yes,High Risk,Instant Discount / Cashback
214,51,0,44,35.62,2,1,1567.28,1,0,0.03,No,Low Risk,Priority Customer Support
215,41,0,1,60.18,0,0,60.18,1,1,1.0,Yes,High Risk,Instant Discount / Cashback
216,52,0,42,36.03,0,2,1513.26,0,1,1.0,Yes,High Risk,Instant Discount / Cashback
217,37,0,11,117.78,0,2,1295.58,0,1,1.0,Yes,High Risk,Instant Discount / Cashback
218,42,1,14,103.53,1,2,1449.42,0,1,1.0,Yes,High Risk,Instant Discount / Cashback
219,40,1,19,106.73,1,0,2027.87,1,1,0.97,Yes,High Risk,Instant Discount / Cashback
220,45,1,52,114.42,0,2,5949.84,0,1,1.0,Yes,High Risk,Instant Discount / Cashback
221,68,0,0,37.66,1,2,0.0,0,1,1.0,Yes,High Risk,Instant Discount / Cashback
222,26,0,12,64.7,2,2,776.4,0,1,0.97,Yes,High Risk,Instant Discount / Cashback
223,51,1,23,36.39,0,0,836.97,0,1,1.0,Yes,High Risk,Instant Discount / Cashback
224,28,0,25,48.97,0,1,1224.25,1,1,0.99,Yes,High Risk,Instant Discount / Cashback
225,40,1,23,50.64,2,2,1164.72,0,1,1.0,Yes,High Risk,Instant Discount / Cashback
226,55,0,2,72.22,1,1,144.44,1,1,1.0,Yes,High Risk,Instant Discount / Cashback
227,45,1,7,54.17,2,1,379.19,0,1,1.0,Yes,High Risk,Instant Discount / Cashback
228,34,1,8,39.09,1,1,312.72,1,1,1.0,Yes,High Risk,Instant Discount / Cashback
229,37,0,32,45.07,2,1,1442.24,1,0,0.05,No,Low Risk,Priority Customer Support
230,51,1,6,43.25,0,0,259.5,0,1,1.0,Yes,High Risk,Instant Discount / Cashback
231,37,1,4,117.58,1,1,470.32,1,1,1.0,Yes,High Risk,Instant Discount / Cashback
232,47,1,63,98.34,2,0,6195.42,0,1,1.0,Yes,High Risk,Instant Discount / Cashback
233,45,0,0,117.1,1,1,0.0,1,1,1.0,Yes,High Risk,Instant Discount / Cashback
234,38,0,122,69.58,0,0,8488.76,0,1,1.0,Yes,High Risk,Instant Discount / Cashback
235,66,1,22,55.05,0,1,1211.1,1,1,1.0,Yes,High Risk,Instant Discount / Cashback
236,51,0,35,101.85,0,0,3564.75,0,1,1.0,Yes,High Risk,Instant Discount / Cashback
237,24,0,6,59.36,0,1,356.16,0,1,1.0,Yes,High Risk,Instant Discount / Cashback
238,46,1,0,56.94,0,2,0.0,0,1,1.0,Yes,High Risk,Instant Discount / Cashback
239,38,1,26,50.93,1,0,1324.18,1,0,0.02,No,Low Risk,Priority Customer Support
240,53,1,35,41.67,1,0,1458.45,1,0,0.02,No,Low Risk,Priority Customer Support
241,37,1,26,53.08,0,0,1380.08,1,1,1.0,Yes,High Risk,Instant Discount / Cashback
242,43,0,3,61.98,1,2,185.94,0,1,1.0,Yes,High Risk,Instant Discount / Cashback
243,50,1,28,90.66,0,1,2538.48,1,1,1.0,Yes,High Risk,Instant Discount / Cashback
244,53,0,29,35.63,0,1,1033.27,1,1,1.0,Yes,High Risk,Instant Discount / Cashback
245,32,0,21,48.95,0,0,1027.95,1,1,0.97,Yes,High Risk,Instant Discount / Cashback
246,41,1,29,102.81,1,1,2981.49,0,1,1.0,Yes,High Risk,Instant Discount / Cashback
247,40,0,37,43.22,0,2,1599.14,0,1,1.0,Yes,High Risk,Instant Discount / Cashback
248,38,1,19,60.84,0,2,1155.96,0,1,1.0,Yes,High Risk,Instant Discount / Cashback
249,62,0,1,107.82,0,1,107.82,1,1,1.0,Yes,High Risk,Instant Discount / Cashback
250,49,0,13,43.94,2,0,571.22,1,0,0.16,No,Medium Risk,Free Data / Validity Extension
251,32,0,1,37.45,0,0,37.45,1,1,1.0,Yes,High Risk,Instant Discount / Cashback
252,54,0,10,73.61,1,0,736.1,1,1,1.0,Yes,High Risk,Instant Discount / Cashback
253,66,1,10,57.22,1,0,572.2,1,1,0.99,Yes,High Risk,Instant Discount / Cashback
254,55,0,1,80.71,1,0,80.71,1,1,1.0,Yes,High Risk,Instant Discount / Cashback
255,29,0,8,102.34,2,0,818.72,1,1,0.99,Yes,High Risk,Instant Discount / Cashback
256,40,0,2,42.34,0,1,84.68,1,1,1.0,Yes,High Risk,Instant Discount / Cashback
257,57,0,33,82.26,0,2,2714.58,0,1,1.0,Yes,High Risk,Instant Discount / Cashback
258,37,0,59,75.5,2,1,4454.5,1,0,0.03,No,Low Risk,Priority Customer Support
259,49,1,1,42.97,0,2,42.97,0,1,1.0,Yes,High Risk,Instant Discount / Cashback
260,52,1,62,86.16,1,2,5341.92,0,1,1.0,Yes,High Risk,Instant Discount / Cashback
261,35,0,14,54.63,1,0,764.82,1,0,0.09,No,Medium Risk,Free Data / Validity Extension
262,44,1,7,73.91,1,2,517.37,0,1,1.0,Yes,High Risk,Instant Discount / Cashback
263,12,0,1,37.4,2,0,37.4,0,1,1.0,Yes,High Risk,Instant Discount / Cashback
264,34,0,13,71.36,2,1,927.68,0,1,0.95,Yes,High Risk,Instant Discount / Cashback
265,42,1,31,57.58,1,1,1784.98,1,0,0.0,No,Low Risk,Priority Customer Support
266,32,1,24,104.01,0,2,2496.24,0,1,1.0,Yes,High Risk,Instant Discount / Cashback
267,61,0,1,35.13,2,0,35.13,1,1,1.0,Yes,High Risk,Instant Discount / Cashback
268,30,1,1,67.67,0,0,67.67,1,1,1.0,Yes,High Risk,Instant Discount / Cashback
269,40,0,10,71.26,0,2,712.6,0,1,1.0,Yes,High Risk,Instant Discount / Cashback
270,46,1,6,95.25,2,0,571.5,1,1,0.98,Yes,High Risk,Instant Discount / Cashback
271,59,0,5,81.69,0,1,408.45,1,1,1.0,Yes,High Risk,Instant Discount / Cashback
272,30,1,6,90.05,0,2,540.3,0,1,1.0,Yes,High Risk,Instant Discount / Cashback
273,56,0,32,99.93,0,2,3197.76,0,1,1.0,Yes,High Risk,Instant Discount / Cashback
274,45,1,52,107.6,2,2,5595.2,0,1,1.0,Yes,High Risk,Instant Discount / Cashback
275,35,0,10,58.25,1,2,582.5,0,1,1.0,Yes,High Risk,Instant Discount / Cashback
276,49,1,47,78.42,1,0,3685.74,1,0,0.09,No,Medium Risk,Free Data / Validity Extension
277,46,0,7,105.61,0,2,739.27,0,1,1.0,Yes,High Risk,Instant Discount / Cashback
278,38,0,12,119.05,1,1,1428.6,0,1,0.99,Yes,High Risk,Instant Discount / Cashback
279,45,1,5,110.06,1,1,550.3,1,1,1.0,Yes,High Risk,Instant Discount / Cashback
280,41,1,20,63.43,0,0,1268.6,0,1,1.0,Yes,High Risk,Instant Discount / Cashback
281,46,1,77,47.56,0,1,3662.12,0,1,1.0,Yes,High Risk,Instant Discount / Cashback
282,51,0,18,74.05,0,2,1332.9,0,1,1.0,Yes,High Risk,Instant Discount / Cashback
283,60,0,8,96.75,2,2,774.0,0,1,1.0,Yes,High Risk,Instant Discount / Cashback
284,32,0,20,74.33,1,1,1486.6,1,0,0.01,No,Low Risk,Priority Customer Support
285,66,1,2,73.49,2,0,146.98,0,1,1.0,Yes,High Risk,Instant Discount / Cashback
286,25,1,43,105.44,0,1,4533.92,0,1,1.0,Yes,High Risk,Instant Discount / Cashback
287,43,0,13,62.53,1,2,812.89,0,1,0.99,Yes,High Risk,Instant Discount / Cashback
288,50,0,11,107.38,1,2,1181.18,0,1,1.0,Yes,High Risk,Instant Discount / Cashback
289,47,0,17,66.61,1,1,1132.37,1,0,0.0,No,Low Risk,Priority Customer Support
290,38,1,19,59.54,2,0,1131.26,1,0,0.01,No,Low Risk,Priority Customer Support
291,42,0,1,70.86,0,1,70.86,1,1,1.0,Yes,High Risk,Instant Discount / Cashback
292,40,1,22,98.62,0,1,2169.64,1,1,1.0,Yes,High Risk,Instant Discount / Cashback
293,39,1,5,41.34,1,2,206.7,0,1,1.0,Yes,High Risk,Instant Discount / Cashback
294,53,0,25,47.68,1,1,1192.0,0,1,1.0,Yes,High Risk,Instant Discount / Cashback
295,48,0,34,115.63,1,1,3931.42,1,1,0.97,Yes,High Risk,Instant Discount / Cashback
296,38,0,32,45.79,0,1,1465.28,1,1,1.0,Yes,High Risk,Instant Discount / Cashback
297,53,1,16,81.1,1,0,1297.6,1,0,0.14,No,Medium Risk,Free Data / Validity Extension
298,48,1,14,82.14,0,2,1149.96,0,1,1.0,Yes,High Risk,Instant Discount / Cashback
299,53,0,3,74.07,0,1,222.21,0,1,1.0,Yes,High Risk,Instant Discount / Cashback
300,51,0,29,88.03,1,1,2552.87,1,0,0.07,No,Low Risk,Priority Customer Support
301,36,1,6,50.68,1,1,304.08,1,1,1.0,Yes,High Risk,Instant Discount / Cashback
302,39,1,13,79.74,0,1,1036.62,1,1,0.98,Yes,High Risk,Instant Discount / Cashback
303,52,1,6,63.5,0,1,381.0,0,1,1.0,Yes,High Risk,Instant Discount / Cashback
304,51,0,2,89.55,0,2,179.1,0,1,1.0,Yes,High Risk,Instant Discount / Cashback
305,44,1,19,42.71,0,0,811.49,1,1,1.0,Yes,High Risk,Instant Discount / Cashback
306,46,1,1,81.38,1,1,81.38,1,1,1.0,Yes,High Risk,Instant Discount / Cashback
307,57,1,27,46.67,2,0,1260.09,1,0,0.02,No,Low Risk,Priority Customer Support
308,39,1,7,55.08,0,1,385.56,0,1,1.0,Yes,High Risk,Instant Discount / Cashback
309,50,1,0,49.68,1,0,0.0,1,1,1.0,Yes,High Risk,Instant Discount / Cashback
310,42,0,14,46.46,2,1,650.44,1,0,0.12,No,Medium Risk,Free Data / Validity Extension
311,42,1,0,104.31,2,2,0.0,0,1,1.0,Yes,High Risk,Instant Discount / Cashback
312,55,0,6,55.71,0,2,334.26,0,1,1.0,Yes,High Risk,Instant Discount / Cashback
313,53,1,24,113.44,2,1,2722.56,0,1,0.98,Yes,High Risk,Instant Discount / Cashback
314,53,0,1,117.29,0,1,117.29,1,1,1.0,Yes,High Risk,Instant Discount / Cashback
315,58,0,36,81.41,0,0,2930.76,0,1,1.0,Yes,High Risk,Instant Discount / Cashback
316,45,0,0,42.87,0,1,0.0,0,1,1.0,Yes,High Risk,Instant Discount / Cashback
317,51,0,5,63.71,0,2,318.55,0,1,1.0,Yes,High Risk,Instant Discount / Cashback
318,41,1,27,101.8,0,0,2748.6,1,1,1.0,Yes,High Risk,Instant Discount / Cashback
319,48,1,7,63.07,0,1,441.49,1,1,1.0,Yes,High Risk,Instant Discount / Cashback
320,43,0,2,37.83,0,2,75.66,0,1,1.0,Yes,High Risk,Instant Discount / Cashback
321,45,0,8,80.11,2,2,640.88,0,1,1.0,Yes,High Risk,Instant Discount / Cashback
322,50,0,6,106.06,2,0,636.36,1,1,0.99,Yes,High Risk,Instant Discount / Cashback
323,36,0,36,101.63,0,1,3658.68,1,1,1.0,Yes,High Risk,Instant Discount / Cashback
324,65,0,7,45.76,2,0,320.32,0,1,1.0,Yes,High Risk,Instant Discount / Cashback
325,34,1,31,90.55,2,0,2807.05,1,0,0.16,No,Medium Risk,Free Data / Validity Extension
326,32,1,44,49.85,1,2,2193.4,0,1,1.0,Yes,High Risk,Instant Discount / Cashback
327,56,0,11,49.64,0,2,546.04,0,1,1.0,Yes,High Risk,Instant Discount / Cashback
328,52,0,48,108.67,1,2,5216.16,0,1,1.0,Yes,High Risk,Instant Discount / Cashback
329,51,1,9,52.47,2,0,472.23,0,1,1.0,Yes,High Risk,Instant Discount / Cashback
330,51,0,66,53.69,1,2,3543.54,0,1,1.0,Yes,High Risk,Instant Discount / Cashback
331,44,1,1,30.06,0,1,30.06,0,1,1.0,Yes,High Risk,Instant Discount / Cashback
332,36,0,23,108.36,1,1,2492.28,1,1,0.98,Yes,High Risk,Instant Discount / Cashback
333,45,1,13,101.33,1,1,1317.29,1,1,0.87,Yes,Medium Risk,Free Data / Validity Extension
334,38,1,9,86.46,1,0,778.14,1,1,0.98,Yes,High Risk,Instant Discount / Cashback
335,54,0,20,97.52,0,2,1950.4,0,1,1.0,Yes,High Risk,Instant Discount / Cashback
336,43,1,24,43.68,0,1,1048.32,1,1,0.99,Yes,High Risk,Instant Discount / Cashback
337,36,0,0,71.25,2,0,0.0,1,1,1.0,Yes,High Risk,Instant Discount / Cashback
338,41,0,3,61.61,2,0,184.83,1,1,1.0,Yes,High Risk,Instant Discount / Cashback
339,49,0,24,38.44,0,0,922.56,1,1,1.0,Yes,High Risk,Instant Discount / Cashback
340,39,1,21,73.75,2,0,1548.75,1,0,0.06,No,Low Risk,Priority Customer Support
341,36,1,67,112.87,0,1,7562.29,0,1,1.0,Yes,High Risk,Instant Discount / Cashback
342,47,1,28,33.61,1,2,941.08,0,1,1.0,Yes,High Risk,Instant Discount / Cashback
343,47,0,60,56.23,1,0,3373.8,1,0,0.02,No,Low Risk,Priority Customer Support
344,39,0,24,48.68,2,0,1168.32,1,0,0.01,No,Low Risk,Priority Customer Support
345,40,0,7,51.43,2,1,360.01,0,1,1.0,Yes,High Risk,Instant Discount / Cashback
346,47,0,2,111.76,0,2,223.52,0,1,1.0,Yes,High Risk,Instant Discount / Cashback
347,30,0,30,72.13,2,1,2163.9,1,0,0.04,No,Low Risk,Priority Customer Support
348,30,0,20,71.97,0,1,1439.4,0,1,1.0,Yes,High Risk,Instant Discount / Cashback
349,37,1,0,98.45,1,1,0.0,1,1,0.99,Yes,High Risk,Instant Discount / Cashback
350,42,0,8,43.9,1,0,351.2,1,1,1.0,Yes,High Risk,Instant Discount / Cashback
351,48,1,62,73.85,1,0,4578.7,0,1,0.99,Yes,High Risk,Instant Discount / Cashback
352,59,0,13,68.7,0,2,893.1,0,1,0.99,Yes,High Risk,Instant Discount / Cashback
353,53,0,11,83.72,2,1,920.92,1,1,0.91,Yes,Medium Risk,Free Data / Validity Extension
354,43,0,12,119.96,0,1,1439.52,0,1,1.0,Yes,High Risk,Instant Discount / Cashback
355,44,1,4,99.25,0,2,397.0,0,1,1.0,Yes,High Risk,Instant Discount / Cashback
356,34,1,9,65.81,1,1,592.29,0,1,0.99,Yes,High Risk,Instant Discount / Cashback
357,44,1,9,104.48,0,0,940.32,1,1,1.0,Yes,High Risk,Instant Discount / Cashback
358,42,1,1,45.36,2,1,45.36,1,1,1.0,Yes,High Risk,Instant Discount / Cashback
359,48,1,29,32.74,0,0,949.46,1,1,0.99,Yes,High Risk,Instant Discount / Cashback
360,36,0,10,48.4,0,0,484.0,1,1,1.0,Yes,High Risk,Instant Discount / Cashback
361,50,0,34,60.64,2,1,2061.76,1,0,0.0,No,Low Risk,Priority Customer Support
362,60,1,37,75.95,1,2,2810.15,0,1,1.0,Yes,High Risk,Instant Discount / Cashback
363,43,1,4,85.36,0,2,341.44,0,1,1.0,Yes,High Risk,Instant Discount / Cashback
364,49,1,21,111.95,1,1,2350.95,1,1,0.99,Yes,High Risk,Instant Discount / Cashback
365,51,0,12,75.89,1,0,910.68,1,0,0.15,No,Medium Risk,Free Data / Validity Extension
366,40,0,42,75.11,1,0,3154.62,1,0,0.02,No,Low Risk,Priority Customer Support
367,47,0,4,34.52,0,2,138.08,0,1,1.0,Yes,High Risk,Instant Discount / Cashback
368,45,0,22,33.14,2,1,729.08,0,1,0.98,Yes,High Risk,Instant Discount / Cashback
369,45,0,18,79.6,2,1,1432.8,0,1,1.0,Yes,High Risk,Instant Discount / Cashback
370,37,0,6,69.44,1,2,416.64,0,1,1.0,Yes,High Risk,Instant Discount / Cashback
371,45,1,2,105.53,0,2,211.06,0,1,1.0,Yes,High Risk,Instant Discount / Cashback
372,49,0,21,44.46,2,2,933.66,0,1,1.0,Yes,High Risk,Instant Discount / Cashback
373,59,1,26,32.25,1,0,838.5,1,0,0.04,No,Low Risk,Priority Customer Support
374,54,0,7,70.41,1,2,492.87,0,1,1.0,Yes,High Risk,Instant Discount / Cashback
375,66,1,20,51.37,0,2,1027.4,0,1,1.0,Yes,High Risk,Instant Discount / Cashback
376,37,0,10,34.47,2,0,344.7,0,1,1.0,Yes,High Risk,Instant Discount / Cashback
377,53,0,24,95.21,1,1,2285.04,1,0,0.02,No,Low Risk,Priority Customer Support
378,46,0,4,40.04,0,1,160.16,1,1,1.0,Yes,High Risk,Instant Discount / Cashback
379,66,0,44,84.75,0,2,3729.0,0,1,1.0,Yes,High Risk,Instant Discount / Cashback
380,36,1,6,55.29,2,0,331.74,0,1,1.0,Yes,High Risk,Instant Discount / Cashback
381,36,1,9,45.61,0,1,410.49,1,1,1.0,Yes,High Risk,Instant Discount / Cashback
382,39,1,1,64.18,2,0,64.18,1,1,1.0,Yes,High Risk,Instant Discount / Cashback
383,23,1,2,102.13,1,2,204.26,0,1,1.0,Yes,High Risk,Instant Discount / Cashback
384,39,0,14,65.29,1,0,914.06,1,0,0.02,No,Low Risk,Priority Customer Support
385,37,1,6,97.57,0,0,585.42,1,1,1.0,Yes,High Risk,Instant Discount / Cashback
386,46,0,36,41.29,0,1,1486.44,1,1,1.0,Yes,High Risk,Instant Discount / Cashback
387,48,0,0,99.55,2,2,0.0,0,1,1.0,Yes,High Risk,Instant Discount / Cashback
388,63,0,9,51.32,0,0,461.88,1,1,1.0,Yes,High Risk,Instant Discount / Cashback
389,54,1,8,90.97,1,0,727.76,1,1,0.99,Yes,High Risk,Instant Discount / Cashback
390,39,0,0,80.92,0,2,0.0,0,1,1.0,Yes,High Risk,Instant Discount / Cashback
391,36,0,2,113.62,0,1,227.24,1,1,1.0,Yes,High Risk,Instant Discount / Cashback
392,49,0,10,64.86,0,2,648.6,0,1,1.0,Yes,High Risk,Instant Discount / Cashback
393,31,0,13,35.95,1,0,467.35,1,0,0.14,No,Medium Risk,Free Data / Validity Extension
394,63,0,10,31.72,2,1,317.2,1,1,1.0,Yes,High Risk,Instant Discount / Cashback
395,56,1,15,104.42,0,0,1566.3,0,1,1.0,Yes,High Risk,Instant Discount / Cashback
396,40,0,18,77.23,0,0,1390.14,1,1,0.99,Yes,High Risk,Instant Discount / Cashback
397,27,1,0,99.77,0,1,0.0,1,1,1.0,Yes,High Risk,Instant Discount / Cashback
398,58,1,12,51.1,1,1,613.2,0,1,0.99,Yes,High Risk,Instant Discount / Cashback
399,43,1,66,61.06,0,2,4029.96,0,1,1.0,Yes,High Risk,Instant Discount / Cashback
400,57,1,14,32.71,2,1,457.94,0,1,0.96,Yes,High Risk,Instant Discount / Cashback
401,29,1,22,116.53,1,1,2563.66,1,1,0.99,Yes,High Risk,Instant Discount / Cashback
402,39,1,7,90.11,1,1,630.77,1,1,0.99,Yes,High Risk,Instant Discount / Cashback
403,45,0,29,113.99,0,2,3305.71,0,1,1.0,Yes,High Risk,Instant Discount / Cashback
404,45,0,29,53.89,2,0,1562.81,1,0,0.02,No,Low Risk,Priority Customer Support
405,40,0,14,85.03,0,0,1190.42,1,1,1.0,Yes,High Risk,Instant Discount / Cashback
406,51,1,74,91.06,0,1,6738.44,0,1,1.0,Yes,High Risk,Instant Discount / Cashback
407,34,1,2,58.58,1,1,117.16,1,1,1.0,Yes,High Risk,Instant Discount / Cashback
408,43,0,0,106.33,1,0,0.0,1,1,1.0,Yes,High Risk,Instant Discount / Cashback
409,46,1,29,115.24,0,2,3341.96,0,1,1.0,Yes,High Risk,Instant Discount / Cashback
410,50,1,32,109.64,0,0,3508.48,0,1,1.0,Yes,High Risk,Instant Discount / Cashback
411,52,0,2,96.52,1,2,193.04,0,1,1.0,Yes,High Risk,Instant Discount / Cashback
412,33,1,6,54.97,0,0,329.82,1,1,1.0,Yes,High Risk,Instant Discount / Cashback
413,29,0,0,55.35,2,1,0.0,1,1,1.0,Yes,High Risk,Instant Discount / Cashback
414,57,0,6,116.7,1,2,700.2,0,1,1.0,Yes,High Risk,Instant Discount / Cashback
415,48,1,29,30.93,0,0,896.97,1,1,0.99,Yes,High Risk,Instant Discount / Cashback
416,37,1,14,94.44,0,2,1322.16,0,1,1.0,Yes,High Risk,Instant Discount / Cashback
417,60,0,8,93.56,0,1,748.48,0,1,1.0,Yes,High Risk,Instant Discount / Cashback
418,46,1,9,86.04,1,2,774.36,0,1,1.0,Yes,High Risk,Instant Discount / Cashback
419,56,1,0,119.11,1,1,0.0,0,1,1.0,Yes,High Risk,Instant Discount / Cashback
420,45,0,7,58.07,0,1,406.49,1,1,1.0,Yes,High Risk,Instant Discount / Cashback
421,65,1,20,60.6,1,0,1212.0,1,0,0.03,No,Low Risk,Priority Customer Support
422,62,0,73,37.1,2,1,2708.3,1,0,0.01,No,Low Risk,Priority Customer Support
423,42,0,37,69.85,0,0,2584.45,1,1,1.0,Yes,High Risk,Instant Discount / Cashback
424,54,1,0,53.49,2,0,0.0,1,1,1.0,Yes,High Risk,Instant Discount / Cashback
425,51,1,45,60.9,0,0,2740.5,0,1,1.0,Yes,High Risk,Instant Discount / Cashback
426,58,1,30,105.11,0,1,3153.3,1,1,1.0,Yes,High Risk,Instant Discount / Cashback
427,35,1,30,114.19,0,2,3425.7,0,1,1.0,Yes,High Risk,Instant Discount / Cashback
428,51,1,12,46.72,0,0,560.64,1,1,0.98,Yes,High Risk,Instant Discount / Cashback
429,55,0,10,63.53,0,0,635.3,1,1,1.0,Yes,High Risk,Instant Discount / Cashback
430,27,1,7,113.58,0,1,795.06,1,1,1.0,Yes,High Risk,Instant Discount / Cashback
431,33,0,1,35.56,2,0,35.56,1,1,1.0,Yes,High Risk,Instant Discount / Cashback
432,24,0,5,38.31,2,0,191.55,1,1,1.0,Yes,High Risk,Instant Discount / Cashback
433,42,0,5,44.65,1,0,223.25,0,1,1.0,Yes,High Risk,Instant Discount / Cashback
434,52,0,13,83.57,0,2,1086.41,0,1,1.0,Yes,High Risk,Instant Discount / Cashback
435,60,1,27,43.54,0,2,1175.58,0,1,1.0,Yes,High Risk,Instant Discount / Cashback
436,45,0,12,117.13,0,1,1405.56,1,1,1.0,Yes,High Risk,Instant Discount / Cashback
437,61,0,1,70.2,1,1,70.2,0,1,1.0,Yes,High Risk,Instant Discount / Cashback
438,31,1,63,75.14,2,1,4733.82,1,0,0.03,No,Low Risk,Priority Customer Support
439,27,1,57,52.2,0,1,2975.4,1,1,1.0,Yes,High Risk,Instant Discount / Cashback
440,44,0,30,72.39,0,1,2171.7,1,1,1.0,Yes,High Risk,Instant Discount / Cashback
441,48,1,94,89.57,1,1,8419.58,0,1,0.99,Yes,High Risk,Instant Discount / Cashback
442,44,1,15,97.61,0,0,1464.15,1,1,0.97,Yes,High Risk,Instant Discount / Cashback
443,24,1,65,97.85,0,0,6360.25,1,1,0.97,Yes,High Risk,Instant Discount / Cashback
444,44,1,1,82.01,1,1,82.01,0,1,1.0,Yes,High Risk,Instant Discount / Cashback
445,31,0,9,111.39,1,2,1002.51,0,1,1.0,Yes,High Risk,Instant Discount / Cashback
446,51,0,5,103.57,0,1,517.85,1,1,1.0,Yes,High Risk,Instant Discount / Cashback
447,48,0,4,98.13,0,2,392.52,0,1,1.0,Yes,High Risk,Instant Discount / Cashback
448,35,1,3,35.0,2,2,105.0,0,1,1.0,Yes,High Risk,Instant Discount / Cashback
449,39,1,19,30.62,0,0,581.78,1,1,0.97,Yes,High Risk,Instant Discount / Cashback
450,34,0,30,49.12,0,1,1473.6,0,1,1.0,Yes,High Risk,Instant Discount / Cashback
451,44,1,17,89.72,0,1,1525.24,1,1,0.99,Yes,High Risk,Instant Discount / Cashback
452,54,1,3,67.01,0,2,201.03,0,1,1.0,Yes,High Risk,Instant Discount / Cashback
453,35,0,33,66.22,0,2,2185.26,0,1,1.0,Yes,High Risk,Instant Discount / Cashback
454,50,1,20,109.61,2,1,2192.2,1,1,0.98,Yes,High Risk,Instant Discount / Cashback
455,39,0,9,110.6,0,0,995.4,1,1,1.0,Yes,High Risk,Instant Discount / Cashback
456,37,1,22,111.83,0,2,2460.26,0,1,1.0,Yes,High Risk,Instant Discount / Cashback
457,43,1,6,58.25,1,0,349.5,1,1,1.0,Yes,High Risk,Instant Discount / Cashback
458,34,1,8,92.2,1,2,737.6,0,1,1.0,Yes,High Risk,Instant Discount / Cashback
459,39,0,49,54.45,2,2,2668.05,0,1,1.0,Yes,High Risk,Instant Discount / Cashback
460,33,0,6,47.15,2,1,282.9,1,1,1.0,Yes,High Risk,Instant Discount / Cashback
461,64,0,12,46.62,0,1,559.44,0,1,1.0,Yes,High Risk,Instant Discount / Cashback
462,45,0,44,60.79,1,1,2674.76,1,0,0.0,No,Low Risk,Priority Customer Support
463,38,1,24,68.7,0,1,1648.8,0,1,1.0,Yes,High Risk,Instant Discount / Cashback
464,47,0,1,104.79,2,1,104.79,1,1,1.0,Yes,High Risk,Instant Discount / Cashback
465,43,1,3,40.79,0,2,122.37,0,1,1.0,Yes,High Risk,Instant Discount / Cashback
466,42,0,0,96.14,2,2,0.0,0,1,1.0,Yes,High Risk,Instant Discount / Cashback
467,51,1,19,77.83,1,2,1478.77,0,1,1.0,Yes,High Risk,Instant Discount / Cashback
468,52,0,11,55.92,0,0,615.12,1,1,1.0,Yes,High Risk,Instant Discount / Cashback
469,39,1,2,74.35,1,2,148.7,0,1,1.0,Yes,High Risk,Instant Discount / Cashback
470,39,1,63,56.99,2,2,3590.37,0,1,1.0,Yes,High Risk,Instant Discount / Cashback
471,42,0,15,83.65,2,0,1254.75,0,1,1.0,Yes,High Risk,Instant Discount / Cashback
472,21,1,5,69.05,0,0,345.25,1,1,1.0,Yes,High Risk,Instant Discount / Cashback
473,29,1,13,44.8,1,0,582.4,0,1,0.95,Yes,High Risk,Instant Discount / Cashback
474,58,1,22,40.49,0,2,890.78,0,1,1.0,Yes,High Risk,Instant Discount / Cashback
475,61,1,1,79.2,0,1,79.2,1,1,1.0,Yes,High Risk,Instant Discount / Cashback
476,42,0,6,111.22,0,2,667.32,0,1,1.0,Yes,High Risk,Instant Discount / Cashback
477,50,0,32,60.96,0,0,1950.72,1,1,1.0,Yes,High Risk,Instant Discount / Cashback
478,48,0,12,95.97,2,2,1151.64,0,1,0.99,Yes,High Risk,Instant Discount / Cashback
479,75,0,15,89.28,0,0,1339.2,1,1,0.99,Yes,High Risk,Instant Discount / Cashback
480,56,1,11,113.84,2,1,1252.24,1,1,0.99,Yes,High Risk,Instant Discount / Cashback
481,43,0,0,103.89,0,1,0.0,0,1,1.0,Yes,High Risk,Instant Discount / Cashback
482,35,1,3,80.99,0,0,242.97,1,1,1.0,Yes,High Risk,Instant Discount / Cashback
483,28,1,11,89.13,0,2,980.43,0,1,1.0,Yes,High Risk,Instant Discount / Cashback
484,47,0,4,110.85,0,0,443.4,1,1,1.0,Yes,High Risk,Instant Discount / Cashback
485,37,1,1,65.96,0,1,65.96,1,1,1.0,Yes,High Risk,Instant Discount / Cashback
486,30,0,37,59.41,0,1,2198.17,1,1,0.98,Yes,High Risk,Instant Discount / Cashback
487,38,1,79,30.97,1,1,2446.63,1,0,0.1,No,Medium Risk,Free Data / Validity Extension
488,34,0,31,104.39,0,0,3236.09,1,1,0.99,Yes,High Risk,Instant Discount / Cashback
489,61,0,38,102.09,0,0,3879.42,0,1,1.0,Yes,High Risk,Instant Discount / Cashback
490,53,0,5,39.4,0,2,197.0,0,1,1.0,Yes,High Risk,Instant Discount / Cashback
491,44,0,64,81.92,2,0,5242.88,0,1,0.99,Yes,High Risk,Instant Discount / Cashback
492,59,0,4,71.76,2,2,287.04,0,1,1.0,Yes,High Risk,Instant Discount / Cashback
493,45,1,60,40.68,0,2,2440.8,0,1,1.0,Yes,High Risk,Instant Discount / Cashback
494,36,0,105,118.25,0,0,12416.25,1,1,0.99,Yes,High Risk,Instant Discount / Cashback
495,60,1,24,49.32,0,0,1183.68,0,1,1.0,Yes,High Risk,Instant Discount / Cashback
496,50,0,79,36.05,2,1,2847.95,1,0,0.02,No,Low Risk,Priority Customer Support
497,34,0,16,83.54,0,2,1336.64,0,1,1.0,Yes,High Risk,Instant Discount / Cashback
498,43,0,6,96.5,0,2,579.0,0,1,1.0,Yes,High Risk,Instant Discount / Cashback
499,36,1,11,32.92,0,1,362.12,1,1,0.98,Yes,High Risk,Instant Discount / Cashback
500,31,1,18,89.28,0,2,1607.04,0,1,1.0,Yes,High Risk,Instant Discount / Cashback
501,54,0,1,77.91,0,0,77.91,0,1,1.0,Yes,High Risk,Instant Discount / Cashback
502,64,1,19,39.29,1,2,746.51,0,1,1.0,Yes,High Risk,Instant Discount / Cashback
503,31,1,79,45.53,0,2,3596.87,0,1,1.0,Yes,High Risk,Instant Discount / Cashback
504,50,1,4,81.12,1,0,324.48,1,1,1.0,Yes,High Risk,Instant Discount / Cashback
505,38,0,31,56.67,0,0,1756.77,1,1,1.0,Yes,High Risk,Instant Discount / Cashback
506,40,0,47,114.45,0,0,5379.15,1,1,1.0,Yes,High Risk,Instant Discount / Cashback
507,39,1,57,103.69,2,0,5910.33,1,1,0.99,Yes,High Risk,Instant Discount / Cashback
508,36,1,64,118.52,0,2,7585.28,0,1,1.0,Yes,High Risk,Instant Discount / Cashback
509,45,1,14,53.37,2,1,747.18,1,0,0.03,No,Low Risk,Priority Customer Support
510,36,0,75,117.28,1,0,8796.0,0,1,1.0,Yes,High Risk,Instant Discount / Cashback
511,47,0,28,68.81,0,1,1926.68,0,1,1.0,Yes,High Risk,Instant Discount / Cashback
512,44,1,3,61.28,2,2,183.84,0,1,1.0,Yes,High Risk,Instant Discount / Cashback
513,42,1,12,34.53,0,1,414.36,1,1,0.98,Yes,High Risk,Instant Discount / Cashback
514,35,1,25,34.75,2,1,868.75,1,0,0.07,No,Low Risk,Priority Customer Support
515,39,0,5,92.28,0,0,461.4,0,1,1.0,Yes,High Risk,Instant Discount / Cashback
516,52,0,20,71.21,2,2,1424.2,0,1,1.0,Yes,High Risk,Instant Discount / Cashback
517,50,1,21,50.39,0,2,1058.19,0,1,0.99,Yes,High Risk,Instant Discount / Cashback
518,35,1,3,85.26,1,0,255.78,0,1,1.0,Yes,High Risk,Instant Discount / Cashback
519,45,1,16,52.76,1,0,844.16,1,0,0.02,No,Low Risk,Priority Customer Support
520,52,0,29,81.99,2,0,2377.71,1,0,0.03,No,Low Risk,Priority Customer Support
521,28,1,13,62.33,2,0,810.29,1,0,0.04,No,Low Risk,Priority Customer Support
522,50,0,0,104.12,2,1,0.0,0,1,1.0,Yes,High Risk,Instant Discount / Cashback
523,38,0,0,103.86,2,2,0.0,0,1,1.0,Yes,High Risk,Instant Discount / Cashback
524,50,1,8,72.96,0,1,583.68,0,1,1.0,Yes,High Risk,Instant Discount / Cashback
525,37,1,52,61.57,0,2,3201.64,0,1,1.0,Yes,High Risk,Instant Discount / Cashback
526,26,1,5,62.63,0,1,313.15,1,1,1.0,Yes,High Risk,Instant Discount / Cashback
527,28,0,20,102.51,0,2,2050.2,0,1,1.0,Yes,High Risk,Instant Discount / Cashback
528,45,0,5,59.54,0,2,297.7,0,1,1.0,Yes,High Risk,Instant Discount / Cashback
529,47,0,7,48.82,1,0,341.74,1,1,1.0,Yes,High Risk,Instant Discount / Cashback
530,35,0,37,37.62,0,1,1391.94,0,1,1.0,Yes,High Risk,Instant Discount / Cashback
531,51,1,26,72.0,1,1,1872.0,1,0,0.02,No,Low Risk,Priority Customer Support
532,28,0,2,73.39,0,0,146.78,1,1,1.0,Yes,High Risk,Instant Discount / Cashback
533,44,0,11,105.68,0,1,1162.48,1,1,1.0,Yes,High Risk,Instant Discount / Cashback
534,32,1,0,49.91,1,1,0.0,1,1,1.0,Yes,High Risk,Instant Discount / Cashback
535,38,0,13,64.29,1,2,835.77,0,1,0.99,Yes,High Risk,Instant Discount / Cashback
536,45,0,21,102.76,1,1,2157.96,1,1,0.97,Yes,High Risk,Instant Discount / Cashback
537,36,0,2,104.13,1,2,208.26,0,1,1.0,Yes,High Risk,Instant Discount / Cashback
538,41,0,6,64.61,0,1,387.66,0,1,1.0,Yes,High Risk,Instant Discount / Cashback
539,55,0,10,71.32,1,2,713.2,0,1,1.0,Yes,High Risk,Instant Discount / Cashback
540,39,0,50,57.3,0,1,2865.0,1,1,1.0,Yes,High Risk,Instant Discount / Cashback
541,53,1,99,113.93,0,2,11279.07,0,1,1.0,Yes,High Risk,Instant Discount / Cashback
542,33,1,0,40.68,0,1,0.0,1,1,1.0,Yes,High Risk,Instant Discount / Cashback
543,50,0,28,114.04,0,1,3193.12,1,1,1.0,Yes,High Risk,Instant Discount / Cashback
544,59,1,9,91.55,0,1,823.95,0,1,1.0,Yes,High Risk,Instant Discount / Cashback
545,20,1,9,77.84,2,1,700.56,0,1,1.0,Yes,High Risk,Instant Discount / Cashback
546,37,1,28,32.94,2,0,922.32,1,0,0.03,No,Low Risk,Priority Customer Support
547,50,1,50,72.8,0,0,3640.0,1,1,1.0,Yes,High Risk,Instant Discount / Cashback
548,42,0,60,66.7,0,0,4002.0,1,1,1.0,Yes,High Risk,Instant Discount / Cashback
549,48,0,17,44.51,0,2,756.67,0,1,1.0,Yes,High Risk,Instant Discount / Cashback
550,38,1,8,89.08,0,0,712.64,1,1,1.0,Yes,High Risk,Instant Discount / Cashback
551,45,1,30,117.4,2,0,3522.0,1,1,0.99,Yes,High Risk,Instant Discount / Cashback
552,43,1,5,80.6,0,2,403.0,0,1,1.0,Yes,High Risk,Instant Discount / Cashback
553,56,0,16,94.33,1,1,1509.28,1,0,0.0,No,Low Risk,Priority Customer Support
554,47,0,8,36.16,0,1,289.28,1,1,1.0,Yes,High Risk,Instant Discount / Cashback
555,48,1,21,67.59,2,0,1419.39,1,0,0.03,No,Low Risk,Priority Customer Support
556,40,0,5,40.47,0,2,202.35,0,1,1.0,Yes,High Risk,Instant Discount / Cashback
557,40,0,4,85.15,1,2,340.6,0,1,1.0,Yes,High Risk,Instant Discount / Cashback
558,40,0,50,114.46,0,2,5723.0,0,1,1.0,Yes,High Risk,Instant Discount / Cashback
559,48,0,2,89.56,1,1,179.12,1,1,1.0,Yes,High Risk,Instant Discount / Cashback
560,40,1,14,36.91,0,2,516.74,0,1,0.95,Yes,High Risk,Instant Discount / Cashback
561,47,0,4,61.92,0,0,247.68,1,1,1.0,Yes,High Risk,Instant Discount / Cashback
562,65,1,0,79.56,2,0,0.0,1,1,1.0,Yes,High Risk,Instant Discount / Cashback
563,53,0,0,66.29,2,0,0.0,0,1,1.0,Yes,High Risk,Instant Discount / Cashback
564,41,0,3,105.03,2,1,315.09,1,1,1.0,Yes,High Risk,Instant Discount / Cashback
565,57,0,40,103.32,1,1,4132.8,1,1,0.96,Yes,High Risk,Instant Discount / Cashback
566,40,0,6,85.06,2,1,510.36,0,1,1.0,Yes,High Risk,Instant Discount / Cashback
567,24,1,60,63.61,0,0,3816.6,0,1,1.0,Yes,High Risk,Instant Discount / Cashback
568,34,0,17,52.98,0,1,900.66,1,1,0.99,Yes,High Risk,Instant Discount / Cashback
569,26,0,11,39.53,0,2,434.83,0,1,1.0,Yes,High Risk,Instant Discount / Cashback
570,41,0,17,61.94,1,1,1052.98,1,0,0.0,No,Low Risk,Priority Customer Support
571,45,1,14,67.19,0,2,940.66,0,1,1.0,Yes,High Risk,Instant Discount / Cashback
572,61,1,28,90.82,0,0,2542.96,1,1,0.99,Yes,High Risk,Instant Discount / Cashback
573,48,1,6,89.23,1,2,535.38,0,1,1.0,Yes,High Risk,Instant Discount / Cashback
574,42,0,8,36.31,2,1,290.48,0,1,1.0,Yes,High Risk,Instant Discount / Cashback
575,53,0,44,65.57,0,0,2885.08,1,1,0.99,Yes,High Risk,Instant Discount / Cashback
576,22,1,58,46.36,0,0,2688.88,1,1,0.95,Yes,High Risk,Instant Discount / Cashback
577,47,0,44,44.11,0,1,1940.84,1,1,0.99,Yes,High Risk,Instant Discount / Cashback
578,52,0,10,104.46,0,2,1044.6,0,1,1.0,Yes,High Risk,Instant Discount / Cashback
579,30,0,30,33.77,0,1,1013.1,0,1,1.0,Yes,High Risk,Instant Discount / Cashback
580,56,0,12,67.73,1,0,812.76,1,0,0.14,No,Medium Risk,Free Data / Validity Extension
581,48,0,13,45.14,1,2,586.82,0,1,0.97,Yes,High Risk,Instant Discount / Cashback
582,40,0,4,109.14,1,1,436.56,1,1,1.0,Yes,High Risk,Instant Discount / Cashback
583,51,1,17,80.13,0,1,1362.21,0,1,1.0,Yes,High Risk,Instant Discount / Cashback
584,67,0,4,50.82,2,1,203.28,1,1,1.0,Yes,High Risk,Instant Discount / Cashback
585,46,0,8,75.22,0,0,601.76,0,1,0.99,Yes,High Risk,Instant Discount / Cashback
586,47,0,38,95.83,0,1,3641.54,1,1,0.98,Yes,High Risk,Instant Discount / Cashback
587,40,0,4,116.23,2,1,464.92,1,1,1.0,Yes,High Risk,Instant Discount / Cashback
588,36,0,1,49.84,0,2,49.84,0,1,1.0,Yes,High Risk,Instant Discount / Cashback
589,53,1,1,109.76,0,1,109.76,0,1,1.0,Yes,High Risk,Instant Discount / Cashback
590,36,1,56,114.09,2,1,6389.04,0,1,0.99,Yes,High Risk,Instant Discount / Cashback
591,45,1,14,112.48,0,1,1574.72,1,1,1.0,Yes,High Risk,Instant Discount / Cashback
592,40,1,10,87.19,1,2,871.9,0,1,1.0,Yes,High Risk,Instant Discount / Cashback
593,49,0,33,86.68,0,2,2860.44,0,1,1.0,Yes,High Risk,Instant Discount / Cashback
594,48,0,36,66.29,1,1,2386.44,1,0,0.0,No,Low Risk,Priority Customer Support
595,55,1,8,97.72,0,2,781.76,0,1,1.0,Yes,High Risk,Instant Discount / Cashback
596,39,1,23,77.82,0,1,1789.86,0,1,1.0,Yes,High Risk,Instant Discount / Cashback
597,42,0,29,90.97,1,1,2638.13,0,1,0.98,Yes,High Risk,Instant Discount / Cashback
598,35,1,21,68.56,0,0,1439.76,1,1,0.99,Yes,High Risk,Instant Discount / Cashback
599,40,0,3,95.83,0,1,287.49,1,1,1.0,Yes,High Risk,Instant Discount / Cashback
600,48,0,41,104.2,0,0,4272.2,0,1,1.0,Yes,High Risk,Instant Discount / Cashback
601,52,0,15,43.18,0,2,647.7,0,1,0.99,Yes,High Risk,Instant Discount / Cashback
602,35,1,6,104.96,0,1,629.76,1,1,1.0,Yes,High Risk,Instant Discount / Cashback
603,53,1,11,78.63,0,2,864.93,0,1,1.0,Yes,High Risk,Instant Discount / Cashback
604,58,0,0,106.02,2,1,0.0,1,1,1.0,Yes,High Risk,Instant Discount / Cashback
605,49,0,2,68.82,0,1,137.64,1,1,1.0,Yes,High Risk,Instant Discount / Cashback
606,63,1,29,64.11,0,1,1859.19,1,1,0.98,Yes,High Risk,Instant Discount / Cashback
607,37,0,0,112.36,0,0,0.0,1,1,1.0,Yes,High Risk,Instant Discount / Cashback
608,32,1,10,52.61,0,1,526.1,1,1,1.0,Yes,High Risk,Instant Discount / Cashback
609,27,0,14,105.98,2,0,1483.72,1,1,0.94,Yes,Medium Risk,Free Data / Validity Extension
610,59,1,1,73.56,0,1,73.56,1,1,1.0,Yes,High Risk,Instant Discount / Cashback
611,51,0,72,76.27,2,1,5491.44,1,0,0.08,No,Medium Risk,Free Data / Validity Extension
612,44,1,5,57.76,0,2,288.8,0,1,1.0,Yes,High Risk,Instant Discount / Cashback
613,47,1,7,81.57,1,0,570.99,0,1,1.0,Yes,High Risk,Instant Discount / Cashback
614,33,1,7,59.27,1,0,414.89,1,1,0.99,Yes,High Risk,Instant Discount / Cashback
615,69,1,5,33.53,2,1,167.65,1,1,0.96,Yes,High Risk,Instant Discount / Cashback
616,46,0,0,54.48,1,2,0.0,0,1,1.0,Yes,High Risk,Instant Discount / Cashback
617,46,0,26,30.57,1,2,794.82,0,1,1.0,Yes,High Risk,Instant Discount / Cashback
618,52,1,68,118.05,0,1,8027.4,1,1,1.0,Yes,High Risk,Instant Discount / Cashback
619,49,1,5,116.92,0,1,584.6,1,1,1.0,Yes,High Risk,Instant Discount / Cashback
620,47,0,21,65.56,2,0,1376.76,1,0,0.0,No,Low Risk,Priority Customer Support
621,37,0,27,95.55,0,2,2579.85,0,1,1.0,Yes,High Risk,Instant Discount / Cashback
622,49,0,37,61.12,0,1,2261.44,0,1,1.0,Yes,High Risk,Instant Discount / Cashback
623,63,1,10,90.4,1,0,904.0,1,1,0.86,Yes,Medium Risk,Free Data / Validity Extension
624,58,1,7,102.49,0,1,717.43,1,1,1.0,Yes,High Risk,Instant Discount / Cashback
625,60,0,7,115.21,2,0,806.47,0,1,1.0,Yes,High Risk,Instant Discount / Cashback
626,39,1,24,66.02,1,2,1584.48,0,1,1.0,Yes,High Risk,Instant Discount / Cashback
627,35,0,33,100.5,1,0,3316.5,1,1,0.91,Yes,Medium Risk,Free Data / Validity Extension
628,43,1,4,53.93,2,1,215.72,1,1,1.0,Yes,High Risk,Instant Discount / Cashback
629,45,0,9,119.13,0,0,1072.17,1,1,1.0,Yes,High Risk,Instant Discount / Cashback
630,55,1,46,32.32,0,2,1486.72,0,1,1.0,Yes,High Risk,Instant Discount / Cashback
631,28,0,32,84.32,0,2,2698.24,0,1,1.0,Yes,High Risk,Instant Discount / Cashback
632,60,0,83,89.36,0,1,7416.88,1,1,1.0,Yes,High Risk,Instant Discount / Cashback
633,43,0,28,91.92,1,1,2573.76,1,0,0.03,No,Low Risk,Priority Customer Support
634,40,1,9,40.83,2,2,367.47,0,1,1.0,Yes,High Risk,Instant Discount / Cashback
635,34,0,17,114.47,0,0,1945.99,1,1,1.0,Yes,High Risk,Instant Discount / Cashback
636,28,0,21,46.31,0,1,972.51,1,1,0.99,Yes,High Risk,Instant Discount / Cashback
637,53,0,1,86.05,2,0,86.05,1,1,1.0,Yes,High Risk,Instant Discount / Cashback
638,45,0,15,50.04,0,2,750.6,0,1,1.0,Yes,High Risk,Instant Discount / Cashback
639,32,0,24,57.65,0,1,1383.6,0,1,1.0,Yes,High Risk,Instant Discount / Cashback
640,32,0,3,79.18,0,2,237.54,0,1,1.0,Yes,High Risk,Instant Discount / Cashback
641,41,1,30,67.55,2,1,2026.5,1,0,0.01,No,Low Risk,Priority Customer Support
642,61,0,17,44.42,1,0,755.14,0,1,0.99,Yes,High Risk,Instant Discount / Cashback
643,42,0,60,45.38,1,0,2722.8,1,0,0.02,No,Low Risk,Priority Customer Support
644,29,1,0,67.63,2,0,0.0,1,1,1.0,Yes,High Risk,Instant Discount / Cashback
645,42,1,6,98.16,0,1,588.96,0,1,1.0,Yes,High Risk,Instant Discount / Cashback
646,42,1,18,110.82,0,0,1994.76,0,1,1.0,Yes,High Risk,Instant Discount / Cashback
647,18,0,7,37.57,2,0,262.99,1,1,1.0,Yes,High Risk,Instant Discount / Cashback
648,44,0,25,65.38,0,2,1634.5,0,1,1.0,Yes,High Risk,Instant Discount / Cashback
649,42,0,28,39.02,1,2,1092.56,0,1,1.0,Yes,High Risk,Instant Discount / Cashback
650,51,0,2,31.49,2,1,62.98,0,1,0.99,Yes,High Risk,Instant Discount / Cashback
651,63,1,14,89.55,1,1,1253.7,1,0,0.13,No,Medium Risk,Free Data / Validity Extension
652,56,1,14,84.22,1,0,1179.08,1,0,0.09,No,Medium Risk,Free Data / Validity Extension
653,42,1,9,44.67,2,1,402.03,0,1,0.99,Yes,High Risk,Instant Discount / Cashback
654,33,1,54,51.04,2,2,2756.16,0,1,1.0,Yes,High Risk,Instant Discount / Cashback
655,70,1,35,32.13,0,0,1124.55,0,1,1.0,Yes,High Risk,Instant Discount / Cashback
656,45,1,23,105.15,0,0,2418.45,1,1,1.0,Yes,High Risk,Instant Discount / Cashback
657,45,0,25,117.72,0,2,2943.0,0,1,1.0,Yes,High Risk,Instant Discount / Cashback
658,44,0,12,42.19,1,1,506.28,1,0,0.4,No,Medium Risk,Free Data / Validity Extension
659,46,0,50,50.83,0,0,2541.5,0,1,1.0,Yes,High Risk,Instant Discount / Cashback
660,43,0,23,108.16,1,1,2487.68,1,1,0.98,Yes,High Risk,Instant Discount / Cashback
661,39,0,26,113.38,0,1,2947.88,1,1,1.0,Yes,High Risk,Instant Discount / Cashback
662,39,1,39,67.77,1,1,2643.03,1,0,0.02,No,Low Risk,Priority Customer Support
663,44,0,6,34.56,0,2,207.36,0,1,1.0,Yes,High Risk,Instant Discount / Cashback
664,39,0,32,33.55,1,2,1073.6,0,1,1.0,Yes,High Risk,Instant Discount / Cashback
665,37,1,4,81.66,1,1,326.64,1,1,1.0,Yes,High Risk,Instant Discount / Cashback
666,46,1,8,65.36,0,2,522.88,0,1,1.0,Yes,High Risk,Instant Discount / Cashback
667,42,0,8,32.58,0,1,260.64,0,1,1.0,Yes,High Risk,Instant Discount / Cashback
668,60,1,76,82.49,1,2,6269.24,0,1,1.0,Yes,High Risk,Instant Discount / Cashback
669,18,0,38,31.02,0,1,1178.76,1,1,0.98,Yes,High Risk,Instant Discount / Cashback
670,55,0,24,100.86,0,2,2420.64,0,1,1.0,Yes,High Risk,Instant Discount / Cashback
671,57,1,25,57.58,2,2,1439.5,0,1,1.0,Yes,High Risk,Instant Discount / Cashback
672,24,1,16,33.62,1,0,537.92,1,0,0.09,No,Medium Risk,Free Data / Validity Extension
673,41,1,58,82.95,2,2,4811.1,0,1,1.0,Yes,High Risk,Instant Discount / Cashback
674,41,1,13,65.79,0,2,855.27,0,1,1.0,Yes,High Risk,Instant Discount / Cashback
675,30,1,9,117.64,0,2,1058.76,0,1,1.0,Yes,High Risk,Instant Discount / Cashback
676,37,0,3,78.98,2,0,236.94,1,1,1.0,Yes,High Risk,Instant Discount / Cashback
677,33,1,30,54.77,1,2,1643.1,0,1,1.0,Yes,High Risk,Instant Discount / Cashback
678,62,0,26,93.85,1,2,2440.1,0,1,1.0,Yes,High Risk,Instant Discount / Cashback
679,54,1,9,54.43,0,0,489.87,1,1,1.0,Yes,High Risk,Instant Discount / Cashback
680,57,0,0,111.38,0,2,0.0,0,1,1.0,Yes,High Risk,Instant Discount / Cashback
681,52,1,36,63.72,0,0,2293.92,0,1,1.0,Yes,High Risk,Instant Discount / Cashback
682,33,1,0,79.49,0,0,0.0,0,1,1.0,Yes,High Risk,Instant Discount / Cashback
683,39,0,24,34.55,0,1,829.2,0,1,1.0,Yes,High Risk,Instant Discount / Cashback
684,49,0,70,68.35,0,1,4784.5,1,1,1.0,Yes,High Risk,Instant Discount / Cashback
685,32,1,11,104.91,2,1,1154.01,1,1,0.98,Yes,High Risk,Instant Discount / Cashback
686,52,0,5,102.51,0,0,512.55,1,1,1.0,Yes,High Risk,Instant Discount / Cashback
687,42,1,24,50.19,1,2,1204.56,0,1,1.0,Yes,High Risk,Instant Discount / Cashback
688,41,0,33,50.35,2,0,1661.55,0,1,0.99,Yes,High Risk,Instant Discount / Cashback
689,52,1,15,103.56,1,0,1553.4,0,1,1.0,Yes,High Risk,Instant Discount / Cashback
690,49,1,68,113.74,0,0,7734.32,1,1,1.0,Yes,High Risk,Instant Discount / Cashback
691,41,0,1,38.58,1,1,38.58,1,1,1.0,Yes,High Risk,Instant Discount / Cashback
692,56,0,14,70.51,1,2,987.14,0,1,0.99,Yes,High Risk,Instant Discount / Cashback
693,34,1,25,60.37,1,1,1509.25,1,0,0.05,No,Low Risk,Priority Customer Support
694,51,0,39,108.36,1,2,4226.04,0,1,1.0,Yes,High Risk,Instant Discount / Cashback
695,50,0,3,37.52,2,0,112.56,0,1,1.0,Yes,High Risk,Instant Discount / Cashback
696,41,1,32,49.0,1,1,1568.0,1,0,0.0,No,Low Risk,Priority Customer Support
697,48,0,16,97.72,0,1,1563.52,1,1,0.98,Yes,High Risk,Instant Discount / Cashback
698,32,1,10,34.62,1,1,346.2,1,1,1.0,Yes,High Risk,Instant Discount / Cashback
699,54,0,2,74.33,0,0,148.66,0,1,1.0,Yes,High Risk,Instant Discount / Cashback
700,43,0,40,69.79,2,1,2791.6,1,0,0.0,No,Low Risk,Priority Customer Support
701,39,0,3,60.1,0,1,180.3,1,1,1.0,Yes,High Risk,Instant Discount / Cashback
702,55,1,7,65.51,0,2,458.57,0,1,1.0,Yes,High Risk,Instant Discount / Cashback
703,37,1,6,77.69,2,1,466.14,1,1,1.0,Yes,High Risk,Instant Discount / Cashback
704,30,1,41,44.52,1,0,1825.32,1,0,0.03,No,Low Risk,Priority Customer Support
705,29,1,22,81.48,0,1,1792.56,1,1,1.0,Yes,High Risk,Instant Discount / Cashback
706,51,1,31,102.49,0,0,3177.19,1,1,1.0,Yes,High Risk,Instant Discount / Cashback
707,32,0,5,98.41,2,2,492.05,0,1,1.0,Yes,High Risk,Instant Discount / Cashback
708,62,1,19,43.85,0,1,833.15,0,1,1.0,Yes,High Risk,Instant Discount / Cashback
709,24,1,16,43.43,2,0,694.88,1,0,0.03,No,Low Risk,Priority Customer Support
710,61,0,35,54.14,0,2,1894.9,0,1,1.0,Yes,High Risk,Instant Discount / Cashback
711,47,1,47,62.5,1,1,2937.5,1,0,0.0,No,Low Risk,Priority Customer Support
712,44,0,0,66.76,2,0,0.0,1,1,1.0,Yes,High Risk,Instant Discount / Cashback
713,39,1,22,91.17,0,1,2005.74,1,1,1.0,Yes,High Risk,Instant Discount / Cashback
714,48,0,1,35.1,0,0,35.1,1,1,1.0,Yes,High Risk,Instant Discount / Cashback
715,44,1,15,33.12,0,2,496.8,0,1,0.98,Yes,High Risk,Instant Discount / Cashback
716,56,1,6,65.27,1,2,391.62,0,1,1.0,Yes,High Risk,Instant Discount / Cashback
717,46,0,7,92.74,1,2,649.18,0,1,1.0,Yes,High Risk,Instant Discount / Cashback
718,46,1,8,47.41,1,1,379.28,1,1,1.0,Yes,High Risk,Instant Discount / Cashback
719,41,0,19,87.74,0,1,1667.06,1,1,1.0,Yes,High Risk,Instant Discount / Cashback
720,44,1,8,53.38,0,2,427.04,0,1,1.0,Yes,High Risk,Instant Discount / Cashback
721,48,1,26,109.75,0,0,2853.5,1,1,1.0,Yes,High Risk,Instant Discount / Cashback
722,27,0,10,110.61,0,1,1106.1,1,1,1.0,Yes,High Risk,Instant Discount / Cashback
723,31,1,1,56.76,1,1,56.76,1,1,1.0,Yes,High Risk,Instant Discount / Cashback
724,52,0,30,50.7,2,0,1521.0,0,1,0.99,Yes,High Risk,Instant Discount / Cashback
725,46,0,6,67.02,1,1,402.12,1,1,1.0,Yes,High Risk,Instant Discount / Cashback
726,43,0,11,51.65,0,2,568.15,0,1,1.0,Yes,High Risk,Instant Discount / Cashback
727,45,0,23,90.51,2,2,2081.73,0,1,1.0,Yes,High Risk,Instant Discount / Cashback
728,48,1,8,104.35,1,0,834.8,0,1,1.0,Yes,High Risk,Instant Discount / Cashback
729,39,1,1,90.58,2,0,90.58,1,1,0.99,Yes,High Risk,Instant Discount / Cashback
730,37,1,9,104.19,1,0,937.71,1,1,0.99,Yes,High Risk,Instant Discount / Cashback
731,46,0,57,65.73,0,2,3746.61,0,1,1.0,Yes,High Risk,Instant Discount / Cashback
732,35,0,20,44.07,0,0,881.4,0,1,1.0,Yes,High Risk,Instant Discount / Cashback
733,49,1,22,96.42,1,2,2121.24,0,1,1.0,Yes,High Risk,Instant Discount / Cashback
734,27,0,20,62.44,0,0,1248.8,1,1,0.99,Yes,High Risk,Instant Discount / Cashback
735,55,1,4,90.41,0,1,361.64,1,1,1.0,Yes,High Risk,Instant Discount / Cashback
736,49,0,10,54.36,1,1,543.6,1,1,0.98,Yes,High Risk,Instant Discount / Cashback
737,47,1,27,37.31,1,2,1007.37,0,1,1.0,Yes,High Risk,Instant Discount / Cashback
738,54,0,2,119.33,1,0,238.66,1,1,1.0,Yes,High Risk,Instant Discount / Cashback
739,61,0,6,44.06,0,1,264.36,1,1,1.0,Yes,High Risk,Instant Discount / Cashback
740,55,1,6,118.96,0,0,713.76,0,1,1.0,Yes,High Risk,Instant Discount / Cashback
741,26,1,11,117.96,1,2,1297.56,0,1,1.0,Yes,High Risk,Instant Discount / Cashback
742,32,1,78,101.44,2,2,7912.32,0,1,0.99,Yes,High Risk,Instant Discount / Cashback
743,38,1,1,89.35,1,0,89.35,1,1,1.0,Yes,High Risk,Instant Discount / Cashback
744,45,1,14,82.0,2,2,1148.0,0,1,1.0,Yes,High Risk,Instant Discount / Cashback
745,50,0,3,107.95,1,1,323.85,0,1,1.0,Yes,High Risk,Instant Discount / Cashback
746,37,0,70,56.05,1,0,3923.5,1,0,0.06,No,Low Risk,Priority Customer Support
747,46,0,2,72.09,0,1,144.18,1,1,1.0,Yes,High Risk,Instant Discount / Cashback
748,37,1,10,85.75,1,0,857.5,1,1,0.96,Yes,High Risk,Instant Discount / Cashback
749,38,0,26,67.01,1,2,1742.26,0,1,1.0,Yes,High Risk,Instant Discount / Cashback
750,30,0,24,68.47,1,2,1643.28,0,1,1.0,Yes,High Risk,Instant Discount / Cashback
751,35,1,10,59.73,0,0,597.3,0,1,1.0,Yes,High Risk,Instant Discount / Cashback
752,31,0,8,80.78,1,1,646.24,1,1,0.97,Yes,High Risk,Instant Discount / Cashback
753,35,0,10,106.55,0,2,1065.5,0,1,1.0,Yes,High Risk,Instant Discount / Cashback
754,55,1,6,48.14,1,2,288.84,0,1,1.0,Yes,High Risk,Instant Discount / Cashback
755,35,1,4,114.1,0,1,456.4,0,1,1.0,Yes,High Risk,Instant Discount / Cashback
756,71,0,13,92.02,2,2,1196.26,0,1,1.0,Yes,High Risk,Instant Discount / Cashback
757,49,1,6,104.09,0,1,624.54,0,1,1.0,Yes,High Risk,Instant Discount / Cashback
758,46,0,6,80.06,0,1,480.36,1,1,1.0,Yes,High Risk,Instant Discount / Cashback
759,36,0,21,100.16,0,2,2103.36,0,1,1.0,Yes,High Risk,Instant Discount / Cashback
760,52,0,69,31.46,1,1,2170.74,1,0,0.04,No,Low Risk,Priority Customer Support
761,39,1,18,103.65,0,1,1865.7,0,1,1.0,Yes,High Risk,Instant Discount / Cashback
762,46,1,1,33.61,0,1,33.61,1,1,1.0,Yes,High Risk,Instant Discount / Cashback
763,70,0,1,110.09,1,2,110.09,0,1,1.0,Yes,High Risk,Instant Discount / Cashback
764,44,0,60,119.28,0,2,7156.8,0,1,1.0,Yes,High Risk,Instant Discount / Cashback
765,56,1,7,56.47,2,1,395.29,0,1,1.0,Yes,High Risk,Instant Discount / Cashback
766,37,0,1,48.93,2,1,48.93,1,1,1.0,Yes,High Risk,Instant Discount / Cashback
767,44,0,18,98.88,1,1,1779.84,1,0,0.1,No,Medium Risk,Free Data / Validity Extension
768,62,1,19,52.77,0,1,1002.63,0,1,0.99,Yes,High Risk,Instant Discount / Cashback
769,38,1,20,107.9,1,0,2158.0,1,1,0.99,Yes,High Risk,Instant Discount / Cashback
770,63,0,6,39.26,0,2,235.56,0,1,1.0,Yes,High Risk,Instant Discount / Cashback
771,52,1,0,41.34,0,1,0.0,1,1,1.0,Yes,High Risk,Instant Discount / Cashback
772,39,1,67,118.12,0,1,7914.04,1,1,0.99,Yes,High Risk,Instant Discount / Cashback
773,51,1,5,90.65,2,0,453.25,1,1,1.0,Yes,High Risk,Instant Discount / Cashback
774,54,1,22,106.22,0,0,2336.84,1,1,1.0,Yes,High Risk,Instant Discount / Cashback
775,51,0,24,59.19,1,2,1420.56,0,1,1.0,Yes,High Risk,Instant Discount / Cashback
776,29,0,18,90.88,1,1,1635.84,1,0,0.02,No,Low Risk,Priority Customer Support
777,37,1,7,83.48,0,0,584.36,1,1,1.0,Yes,High Risk,Instant Discount / Cashback
778,42,0,6,84.28,0,1,505.68,1,1,1.0,Yes,High Risk,Instant Discount / Cashback
779,44,0,18,91.43,2,1,1645.74,1,0,0.03,No,Low Risk,Priority Customer Support
780,51,0,40,81.78,1,0,3271.2,1,0,0.06,No,Low Risk,Priority Customer Support
781,46,1,58,68.62,1,1,3979.96,1,0,0.05,No,Low Risk,Priority Customer Support
782,31,1,2,54.83,0,1,109.66,1,1,1.0,Yes,High Risk,Instant Discount / Cashback
783,48,0,3,99.17,0,1,297.51,1,1,1.0,Yes,High Risk,Instant Discount / Cashback
784,51,0,57,50.36,0,1,2870.52,0,1,1.0,Yes,High Risk,Instant Discount / Cashback
785,50,1,26,92.31,0,1,2400.06,1,1,1.0,Yes,High Risk,Instant Discount / Cashback
786,55,1,42,51.0,0,2,2142.0,0,1,1.0,Yes,High Risk,Instant Discount / Cashback
787,53,1,4,86.28,2,1,345.12,1,1,1.0,Yes,High Risk,Instant Discount / Cashback
788,49,0,17,97.24,0,0,1653.08,1,1,0.98,Yes,High Risk,Instant Discount / Cashback
789,44,0,24,49.68,0,0,1192.32,1,1,0.97,Yes,High Risk,Instant Discount / Cashback
790,28,0,22,35.39,1,1,778.58,1,0,0.06,No,Low Risk,Priority Customer Support
791,49,1,10,41.79,1,2,417.9,0,1,1.0,Yes,High Risk,Instant Discount / Cashback
792,47,0,0,84.54,0,0,0.0,1,1,1.0,Yes,High Risk,Instant Discount / Cashback
793,47,0,17,106.45,1,2,1809.65,0,1,0.99,Yes,High Risk,Instant Discount / Cashback
794,32,1,5,34.05,0,0,170.25,1,1,1.0,Yes,High Risk,Instant Discount / Cashback
795,34,0,11,96.07,0,1,1056.77,1,1,1.0,Yes,High Risk,Instant Discount / Cashback
796,55,0,63,60.72,0,2,3825.36,0,1,1.0,Yes,High Risk,Instant Discount / Cashback
797,44,1,10,73.07,2,1,730.7,1,1,0.96,Yes,High Risk,Instant Discount / Cashback
798,51,0,36,113.6,0,1,4089.6,1,1,1.0,Yes,High Risk,Instant Discount / Cashback
799,45,1,4,59.88,0,0,239.52,1,1,1.0,Yes,High Risk,Instant Discount / Cashback
800,45,0,22,71.88,0,2,1581.36,0,1,1.0,Yes,High Risk,Instant Discount / Cashback
801,54,0,75,31.23,2,0,2342.25,0,1,0.98,Yes,High Risk,Instant Discount / Cashback
802,39,0,2,37.34,0,2,74.68,0,1,1.0,Yes,High Risk,Instant Discount / Cashback
803,45,0,0,53.27,0,0,0.0,1,1,1.0,Yes,High Risk,Instant Discount / Cashback
804,40,1,11,32.51,0,2,357.61,0,1,1.0,Yes,High Risk,Instant Discount / Cashback
805,40,0,1,86.82,0,1,86.82,1,1,1.0,Yes,High Risk,Instant Discount / Cashback
806,41,0,27,68.38,1,2,1846.26,0,1,1.0,Yes,High Risk,Instant Discount / Cashback
807,47,1,49,79.33,1,1,3887.17,0,1,0.93,Yes,Medium Risk,Free Data / Validity Extension
808,40,0,11,45.72,0,2,502.92,0,1,1.0,Yes,High Risk,Instant Discount / Cashback
809,57,0,5,56.63,0,0,283.15,1,1,1.0,Yes,High Risk,Instant Discount / Cashback
810,36,1,11,89.74,0,0,987.14,1,1,1.0,Yes,High Risk,Instant Discount / Cashback
811,43,0,25,116.88,0,1,2922.0,1,1,1.0,Yes,High Risk,Instant Discount / Cashback
812,40,0,0,34.54,0,0,0.0,1,1,1.0,Yes,High Risk,Instant Discount / Cashback
813,59,1,17,110.13,1,0,1872.21,0,1,0.99,Yes,High Risk,Instant Discount / Cashback
814,46,0,19,81.92,2,2,1556.48,0,1,1.0,Yes,High Risk,Instant Discount / Cashback
815,55,1,20,80.75,2,2,1615.0,0,1,1.0,Yes,High Risk,Instant Discount / Cashback
816,30,1,5,75.03,2,1,375.15,0,1,1.0,Yes,High Risk,Instant Discount / Cashback
817,47,1,25,36.25,1,2,906.25,0,1,1.0,Yes,High Risk,Instant Discount / Cashback
818,53,0,1,38.09,1,1,38.09,1,1,1.0,Yes,High Risk,Instant Discount / Cashback
819,45,0,4,84.08,0,0,336.32,1,1,1.0,Yes,High Risk,Instant Discount / Cashback
820,55,1,41,60.69,1,2,2488.29,0,1,1.0,Yes,High Risk,Instant Discount / Cashback
821,39,1,26,112.55,0,1,2926.3,0,1,1.0,Yes,High Risk,Instant Discount / Cashback
822,59,0,0,66.59,0,2,0.0,0,1,1.0,Yes,High Risk,Instant Discount / Cashback
823,67,1,5,42.9,1,0,214.5,1,1,1.0,Yes,High Risk,Instant Discount / Cashback
824,41,0,4,94.32,0,1,377.28,1,1,1.0,Yes,High Risk,Instant Discount / Cashback
825,40,0,6,56.4,0,0,338.4,0,1,1.0,Yes,High Risk,Instant Discount / Cashback
826,59,0,5,77.29,2,0,386.45,1,1,0.99,Yes,High Risk,Instant Discount / Cashback
827,60,0,1,92.8,0,0,92.8,1,1,1.0,Yes,High Risk,Instant Discount / Cashback
828,39,1,12,111.02,0,2,1332.24,0,1,1.0,Yes,High Risk,Instant Discount / Cashback
829,40,0,26,101.3,2,2,2633.8,0,1,1.0,Yes,High Risk,Instant Discount / Cashback
830,42,0,18,90.87,1,2,1635.66,0,1,1.0,Yes,High Risk,Instant Discount / Cashback
831,31,0,22,91.17,1,1,2005.74,1,0,0.04,No,Low Risk,Priority Customer Support
832,35,1,1,115.13,0,1,115.13,1,1,1.0,Yes,High Risk,Instant Discount / Cashback
833,34,0,60,56.62,0,0,3397.2,1,1,0.99,Yes,High Risk,Instant Discount / Cashback
834,37,1,36,30.1,2,0,1083.6,0,1,0.99,Yes,High Risk,Instant Discount / Cashback
835,44,1,32,54.48,1,1,1743.36,1,0,0.0,No,Low Risk,Priority Customer Support
836,47,1,34,49.61,1,2,1686.74,0,1,1.0,Yes,High Risk,Instant Discount / Cashback
837,60,0,53,89.57,0,1,4747.21,1,1,1.0,Yes,High Risk,Instant Discount / Cashback
838,35,0,15,87.03,0,0,1305.45,1,1,0.99,Yes,High Risk,Instant Discount / Cashback
839,54,0,4,83.41,2,0,333.64,1,1,1.0,Yes,High Risk,Instant Discount / Cashback
840,42,0,19,31.46,0,0,597.74,0,1,1.0,Yes,High Risk,Instant Discount / Cashback
841,44,1,27,95.59,1,1,2580.93,0,1,1.0,Yes,High Risk,Instant Discount / Cashback
842,51,0,26,59.12,0,2,1537.12,0,1,1.0,Yes,High Risk,Instant Discount / Cashback
843,33,1,14,89.86,1,1,1258.04,1,0,0.19,No,Medium Risk,Free Data / Validity Extension
844,48,0,1,80.09,2,2,80.09,0,1,1.0,Yes,High Risk,Instant Discount / Cashback
845,46,0,9,60.85,1,1,547.65,0,1,1.0,Yes,High Risk,Instant Discount / Cashback
846,49,0,50,42.11,0,1,2105.5,1,1,0.98,Yes,High Risk,Instant Discount / Cashback
847,47,0,17,38.5,1,0,654.5,0,1,0.96,Yes,High Risk,Instant Discount / Cashback
848,69,1,15,104.84,1,2,1572.6,0,1,1.0,Yes,High Risk,Instant Discount / Cashback
849,38,1,6,112.66,0,2,675.96,0,1,1.0,Yes,High Risk,Instant Discount / Cashback
850,39,0,9,88.48,2,0,796.32,0,1,1.0,Yes,High Risk,Instant Discount / Cashback
851,38,1,45,39.31,1,1,1768.95,0,1,0.97,Yes,High Risk,Instant Discount / Cashback
852,39,1,21,66.18,2,1,1389.78,1,0,0.01,No,Low Risk,Priority Customer Support
853,38,0,30,95.6,1,1,2868.0,1,0,0.06,No,Low Risk,Priority Customer Support
854,56,0,12,100.18,0,2,1202.16,0,1,1.0,Yes,High Risk,Instant Discount / Cashback
855,59,1,19,40.64,0,1,772.16,0,1,1.0,Yes,High Risk,Instant Discount / Cashback
856,39,1,5,30.0,0,1,150.0,1,1,1.0,Yes,High Risk,Instant Discount / Cashback
857,36,0,24,94.09,2,0,2258.16,0,1,0.97,Yes,High Risk,Instant Discount / Cashback
858,49,0,11,62.09,1,0,682.99,0,1,0.99,Yes,High Risk,Instant Discount / Cashback
859,39,1,11,52.9,1,0,581.9,1,1,0.98,Yes,High Risk,Instant Discount / Cashback
860,51,1,20,31.16,0,0,623.2,0,1,1.0,Yes,High Risk,Instant Discount / Cashback
861,47,1,55,78.63,0,2,4324.65,0,1,1.0,Yes,High Risk,Instant Discount / Cashback
862,29,1,1,106.6,1,2,106.6,0,1,0.99,Yes,High Risk,Instant Discount / Cashback
863,60,1,34,116.19,0,0,3950.46,1,1,1.0,Yes,High Risk,Instant Discount / Cashback
864,62,0,6,80.92,0,2,485.52,0,1,1.0,Yes,High Risk,Instant Discount / Cashback
865,38,0,11,76.3,1,0,839.3,0,1,1.0,Yes,High Risk,Instant Discount / Cashback
866,41,0,0,37.66,0,1,0.0,1,1,1.0,Yes,High Risk,Instant Discount / Cashback
867,47,1,7,79.4,0,0,555.8,1,1,1.0,Yes,High Risk,Instant Discount / Cashback
868,48,0,13,64.2,0,1,834.6,1,1,0.96,Yes,High Risk,Instant Discount / Cashback
869,51,1,1,84.64,0,0,84.64,0,1,1.0,Yes,High Risk,Instant Discount / Cashback
870,65,0,13,64.99,2,1,844.87,1,0,0.07,No,Low Risk,Priority Customer Support
871,43,0,52,51.63,0,1,2684.76,0,1,1.0,Yes,High Risk,Instant Discount / Cashback
872,37,1,2,38.55,0,2,77.1,0,1,1.0,Yes,High Risk,Instant Discount / Cashback
873,31,0,28,58.34,0,0,1633.52,1,1,0.99,Yes,High Risk,Instant Discount / Cashback
874,37,1,10,38.7,1,0,387.0,1,1,1.0,Yes,High Risk,Instant Discount / Cashback
875,44,0,21,45.92,0,0,964.32,1,1,0.99,Yes,High Risk,Instant Discount / Cashback
876,62,1,6,118.86,1,1,713.16,0,1,1.0,Yes,High Risk,Instant Discount / Cashback
877,39,1,3,69.97,0,0,209.91,1,1,1.0,Yes,High Risk,Instant Discount / Cashback
878,47,0,3,77.87,0,2,233.61,0,1,1.0,Yes,High Risk,Instant Discount / Cashback
879,44,1,1,108.63,0,1,108.63,1,1,1.0,Yes,High Risk,Instant Discount / Cashback
880,56,0,4,119.6,2,1,478.4,1,1,1.0,Yes,High Risk,Instant Discount / Cashback
881,70,1,21,82.44,2,1,1731.24,0,1,0.96,Yes,High Risk,Instant Discount / Cashback
882,39,0,42,103.12,0,0,4331.04,0,1,1.0,Yes,High Risk,Instant Discount / Cashback
883,40,0,33,59.42,1,0,1960.86,1,0,0.02,No,Low Risk,Priority Customer Support
884,55,0,23,57.52,2,1,1322.96,1,0,0.0,No,Low Risk,Priority Customer Support
885,51,1,2,66.24,0,1,132.48,1,1,1.0,Yes,High Risk,Instant Discount / Cashback
886,63,1,6,90.53,2,0,543.18,1,1,1.0,Yes,High Risk,Instant Discount / Cashback
887,50,1,7,91.4,0,0,639.8,0,1,1.0,Yes,High Risk,Instant Discount / Cashback
888,41,1,5,58.37,2,2,291.85,0,1,1.0,Yes,High Risk,Instant Discount / Cashback
889,50,0,14,41.99,1,0,587.86,1,0,0.09,No,Medium Risk,Free Data / Validity Extension
890,56,0,15,86.92,2,2,1303.8,0,1,1.0,Yes,High Risk,Instant Discount / Cashback
891,53,0,8,41.55,1,2,332.4,0,1,1.0,Yes,High Risk,Instant Discount / Cashback
892,50,0,8,82.06,0,0,656.48,1,1,1.0,Yes,High Risk,Instant Discount / Cashback
893,55,0,35,92.41,2,0,3234.35,1,0,0.04,No,Low Risk,Priority Customer Support
894,56,0,31,93.06,0,0,2884.86,1,1,0.99,Yes,High Risk,Instant Discount / Cashback
895,58,1,7,97.81,0,1,684.67,1,1,0.99,Yes,High Risk,Instant Discount / Cashback
896,51,0,49,108.56,1,1,5319.44,1,1,0.98,Yes,High Risk,Instant Discount / Cashback
897,43,0,61,75.0,1,2,4575.0,0,1,1.0,Yes,High Risk,Instant Discount / Cashback
898,46,0,7,95.72,2,2,670.04,0,1,1.0,Yes,High Risk,Instant Discount / Cashback
899,57,1,8,85.73,0,1,685.84,0,1,1.0,Yes,High Risk,Instant Discount / Cashback
900,36,1,14,46.8,1,0,655.2,1,0,0.03,No,Low Risk,Priority Customer Support
901,48,1,56,32.31,1,0,1809.36,1,0,0.05,No,Low Risk,Priority Customer Support
902,41,0,41,55.61,0,2,2280.01,0,1,1.0,Yes,High Risk,Instant Discount / Cashback
903,45,0,2,69.87,0,0,139.74,0,1,1.0,Yes,High Risk,Instant Discount / Cashback
904,57,1,9,85.54,0,0,769.86,0,1,0.99,Yes,High Risk,Instant Discount / Cashback
905,46,0,16,106.5,0,2,1704.0,0,1,1.0,Yes,High Risk,Instant Discount / Cashback
906,45,1,13,47.66,2,1,619.58,1,0,0.05,No,Low Risk,Priority Customer Support
907,31,1,4,41.3,1,2,165.2,0,1,1.0,Yes,High Risk,Instant Discount / Cashback
908,52,1,39,116.71,1,1,4551.69,1,1,0.95,Yes,High Risk,Instant Discount / Cashback
909,51,0,22,39.72,2,0,873.84,0,1,0.98,Yes,High Risk,Instant Discount / Cashback
910,66,0,36,73.06,0,2,2630.16,0,1,1.0,Yes,High Risk,Instant Discount / Cashback
911,41,1,39,82.7,2,0,3225.3,1,0,0.09,No,Medium Risk,Free Data / Validity Extension
912,47,0,27,78.72,0,1,2125.44,1,1,1.0,Yes,High Risk,Instant Discount / Cashback
913,47,1,11,37.74,2,1,415.14,1,1,1.0,Yes,High Risk,Instant Discount / Cashback
914,60,0,18,35.13,0,0,632.34,0,1,1.0,Yes,High Risk,Instant Discount / Cashback
915,44,0,3,39.49,2,1,118.47,1,1,1.0,Yes,High Risk,Instant Discount / Cashback
916,47,0,22,82.7,0,0,1819.4,1,1,1.0,Yes,High Risk,Instant Discount / Cashback
917,51,1,3,78.99,0,1,236.97,1,1,1.0,Yes,High Risk,Instant Discount / Cashback
918,46,0,23,51.04,1,1,1173.92,1,0,0.01,No,Low Risk,Priority Customer Support
919,40,0,5,87.4,0,2,437.0,0,1,1.0,Yes,High Risk,Instant Discount / Cashback
920,46,1,2,103.81,1,2,207.62,0,1,1.0,Yes,High Risk,Instant Discount / Cashback
921,55,0,3,33.74,0,0,101.22,1,1,1.0,Yes,High Risk,Instant Discount / Cashback
922,34,1,0,74.83,1,1,0.0,0,1,1.0,Yes,High Risk,Instant Discount / Cashback
923,46,0,25,92.04,0,1,2301.0,0,1,1.0,Yes,High Risk,Instant Discount / Cashback
924,37,1,26,52.71,0,0,1370.46,0,1,1.0,Yes,High Risk,Instant Discount / Cashback
925,56,0,14,57.7,0,2,807.8,0,1,0.99,Yes,High Risk,Instant Discount / Cashback
926,29,0,3,85.23,0,2,255.69,0,1,1.0,Yes,High Risk,Instant Discount / Cashback
927,39,1,1,110.81,0,0,110.81,1,1,1.0,Yes,High Risk,Instant Discount / Cashback
928,48,1,0,102.89,0,1,0.0,1,1,1.0,Yes,High Risk,Instant Discount / Cashback
929,60,1,3,82.48,0,0,247.44,0,1,1.0,Yes,High Risk,Instant Discount / Cashback
930,44,1,44,95.72,0,1,4211.68,0,1,1.0,Yes,High Risk,Instant Discount / Cashback
931,39,1,5,62.83,1,0,314.15,0,1,1.0,Yes,High Risk,Instant Discount / Cashback
932,63,0,8,87.69,2,2,701.52,0,1,1.0,Yes,High Risk,Instant Discount / Cashback
933,30,1,2,71.96,0,2,143.92,0,1,1.0,Yes,High Risk,Instant Discount / Cashback
934,23,1,5,47.09,1,1,235.45,1,1,0.99,Yes,High Risk,Instant Discount / Cashback
935,49,0,14,93.16,1,1,1304.24,1,0,0.04,No,Low Risk,Priority Customer Support
936,39,1,18,80.08,0,2,1441.44,0,1,1.0,Yes,High Risk,Instant Discount / Cashback
937,34,0,5,62.28,1,1,311.4,1,1,1.0,Yes,High Risk,Instant Discount / Cashback
938,52,0,1,112.02,0,0,112.02,1,1,1.0,Yes,High Risk,Instant Discount / Cashback
939,47,0,9,31.88,1,1,286.92,1,1,0.99,Yes,High Risk,Instant Discount / Cashback
940,39,0,5,58.42,0,2,292.1,0,1,1.0,Yes,High Risk,Instant Discount / Cashback
941,32,0,4,35.12,1,1,140.48,1,1,1.0,Yes,High Risk,Instant Discount / Cashback
942,53,1,64,98.99,1,1,6335.36,0,1,0.99,Yes,High Risk,Instant Discount / Cashback
943,51,1,19,93.19,0,2,1770.61,0,1,1.0,Yes,High Risk,Instant Discount / Cashback
944,44,1,16,59.82,0,2,957.12,0,1,0.99,Yes,High Risk,Instant Discount / Cashback
945,63,0,10,90.81,2,2,908.1,0,1,0.99,Yes,High Risk,Instant Discount / Cashback
946,34,1,11,65.63,0,0,721.93,0,1,1.0,Yes,High Risk,Instant Discount / Cashback
947,29,0,15,98.06,1,1,1470.9,1,0,0.09,No,Medium Risk,Free Data / Validity Extension
948,38,0,23,70.88,2,2,1630.24,0,1,1.0,Yes,High Risk,Instant Discount / Cashback
949,44,0,24,67.11,1,2,1610.64,0,1,1.0,Yes,High Risk,Instant Discount / Cashback
950,47,0,3,114.13,1,1,342.39,1,1,1.0,Yes,High Risk,Instant Discount / Cashback
951,42,1,13,52.58,1,0,683.54,1,0,0.04,No,Low Risk,Priority Customer Support
952,48,0,10,40.84,2,2,408.4,0,1,1.0,Yes,High Risk,Instant Discount / Cashback
953,32,0,40,82.61,0,2,3304.4,0,1,1.0,Yes,High Risk,Instant Discount / Cashback
954,59,1,19,117.24,0,0,2227.56,0,1,1.0,Yes,High Risk,Instant Discount / Cashback
955,44,1,15,64.01,0,1,960.15,0,1,1.0,Yes,High Risk,Instant Discount / Cashback
956,56,0,2,35.58,2,0,71.16,0,1,1.0,Yes,High Risk,Instant Discount / Cashback
957,48,0,18,60.54,1,1,1089.72,1,0,0.02,No,Low Risk,Priority Customer Support
958,49,0,2,75.53,0,0,151.06,0,1,1.0,Yes,High Risk,Instant Discount / Cashback
959,50,0,8,44.57,2,1,356.56,1,1,1.0,Yes,High Risk,Instant Discount / Cashback
960,49,0,3,89.23,0,1,267.69,1,1,1.0,Yes,High Risk,Instant Discount / Cashback
961,51,0,23,119.8,0,1,2755.4,1,1,1.0,Yes,High Risk,Instant Discount / Cashback
962,58,1,4,70.66,1,1,282.64,1,1,1.0,Yes,High Risk,Instant Discount / Cashback
963,46,1,9,61.93,0,2,557.37,0,1,1.0,Yes,High Risk,Instant Discount / Cashback
964,52,1,45,66.06,2,0,2972.7,1,0,0.08,No,Medium Risk,Free Data / Validity Extension
965,44,0,4,40.36,0,0,161.44,1,1,1.0,Yes,High Risk,Instant Discount / Cashback
966,59,0,14,109.49,2,2,1532.86,0,1,1.0,Yes,High Risk,Instant Discount / Cashback
967,38,0,10,67.33,1,0,673.3,1,1,0.94,Yes,Medium Risk,Free Data / Validity Extension
968,63,1,0,64.85,0,2,0.0,0,1,1.0,Yes,High Risk,Instant Discount / Cashback
969,44,0,31,89.37,2,2,2770.47,0,1,1.0,Yes,High Risk,Instant Discount / Cashback
970,30,0,1,69.78,1,1,69.78,1,1,1.0,Yes,High Risk,Instant Discount / Cashback
971,46,0,12,88.34,0,2,1060.08,0,1,1.0,Yes,High Risk,Instant Discount / Cashback
972,38,0,16,35.53,0,0,568.48,1,1,0.94,Yes,Medium Risk,Free Data / Validity Extension
973,53,1,19,103.24,2,1,1961.56,1,1,0.93,Yes,Medium Risk,Free Data / Validity Extension
974,38,0,23,114.65,0,1,2636.95,1,1,1.0,Yes,High Risk,Instant Discount / Cashback
975,40,1,5,88.39,0,1,441.95,1,1,1.0,Yes,High Risk,Instant Discount / Cashback
976,26,1,0,115.91,0,2,0.0,0,1,0.99,Yes,High Risk,Instant Discount / Cashback
977,40,0,25,43.63,0,0,1090.75,1,1,0.99,Yes,High Risk,Instant Discount / Cashback
978,20,0,15,72.97,1,1,1094.55,1,0,0.09,No,Medium Risk,Free Data / Validity Extension
979,29,0,36,84.16,0,1,3029.76,1,1,1.0,Yes,High Risk,Instant Discount / Cashback
980,52,0,34,82.36,0,1,2800.24,0,1,1.0,Yes,High Risk,Instant Discount / Cashback
981,52,0,37,66.13,0,0,2446.81,1,1,0.99,Yes,High Risk,Instant Discount / Cashback
982,49,0,13,60.43,0,1,785.59,1,1,0.97,Yes,High Risk,Instant Discount / Cashback
983,35,0,8,41.41,2,2,331.28,0,1,1.0,Yes,High Risk,Instant Discount / Cashback
984,44,1,31,65.26,0,0,2023.06,1,1,1.0,Yes,High Risk,Instant Discount / Cashback
985,44,1,12,44.64,2,2,535.68,0,1,0.98,Yes,High Risk,Instant Discount / Cashback
986,33,1,4,96.09,0,1,384.36,1,1,1.0,Yes,High Risk,Instant Discount / Cashback
987,60,1,38,48.79,0,2,1854.02,0,1,1.0,Yes,High Risk,Instant Discount / Cashback
988,53,1,42,35.27,2,2,1481.34,0,1,1.0,Yes,High Risk,Instant Discount / Cashback
989,42,1,12,79.71,0,0,956.52,1,1,1.0,Yes,High Risk,Instant Discount / Cashback
990,45,1,1,83.57,1,1,83.57,1,1,1.0,Yes,High Risk,Instant Discount / Cashback
991,47,0,9,108.47,2,2,976.23,0,1,1.0,Yes,High Risk,Instant Discount / Cashback
992,24,1,32,81.93,0,1,2621.76,1,1,0.98,Yes,High Risk,Instant Discount / Cashback
993,42,0,46,61.09,0,2,2810.14,0,1,1.0,Yes,High Risk,Instant Discount / Cashback
994,38,1,4,102.27,1,1,409.08,0,1,1.0,Yes,High Risk,Instant Discount / Cashback
995,34,0,1,78.63,0,0,78.63,0,1,1.0,Yes,High Risk,Instant Discount / Cashback
996,42,1,41,37.14,0,1,1522.74,1,1,0.99,Yes,High Risk,Instant Discount / Cashback
997,62,1,9,80.93,0,2,728.37,0,1,1.0,Yes,High Risk,Instant Discount / Cashback
998,51,0,15,111.72,0,1,1675.8,1,1,1.0,Yes,High Risk,Instant Discount / Cashback
999,39,1,68,65.67,1,2,4465.56,0,1,1.0,Yes,High Risk,Instant Discount / Cashback
1000,50,1,1,56.67,0,2,56.67,0,1,1.0,Yes,High Risk,Instant Discount / Cashback
1000,50,1,1,56.67,0,2,56.67,0,1,1.0,Yes,High Risk,Instant Discount / Cashback
